"job_id","puzzle_id","num_tiles","board_width","board_height","tiles","start","end","problem_id"
"47153","47153","20","10","30","[{""X"":1,""Y"":1},{""X"":1,""Y"":1},{""X"":1,""Y"":1},{""X"":1,""Y"":1},{""X"":2,""Y"":1},{""X"":2,""Y"":1},{""X"":2,""Y"":1},{""X"":2,""Y"":1},{""X"":3,""Y"":1},{""X"":3,""Y"":1},{""X"":4,""Y"":1},{""X"":4,""Y"":1},{""X"":7,""Y"":1},{""X"":15,""Y"":1},{""X"":19,""Y"":1},{""X"":19,""Y"":1},{""X"":5,""Y"":2},{""X"":9,""Y"":3},{""X"":19,""Y"":3},{""X"":30,""Y"":4}]","","","f6f3cf48-d65f-4892-870e-fe7ecb633415"
"47123","47123","20","37","15","[{""X"":1,""Y"":1},{""X"":1,""Y"":1},{""X"":3,""Y"":1},{""X"":3,""Y"":1},{""X"":3,""Y"":1},{""X"":4,""Y"":1},{""X"":8,""Y"":1},{""X"":10,""Y"":1},{""X"":12,""Y"":1},{""X"":12,""Y"":1},{""X"":17,""Y"":1},{""X"":17,""Y"":1},{""X"":19,""Y"":1},{""X"":19,""Y"":1},{""X"":30,""Y"":1},{""X"":36,""Y"":1},{""X"":17,""Y"":3},{""X"":19,""Y"":3},{""X"":24,""Y"":3},{""X"":36,""Y"":5}]","","","032b9de1-dd98-4fa7-82f7-0e398632acf7"
"47119","47119","20","12","31","[{""X"":1,""Y"":1},{""X"":2,""Y"":1},{""X"":2,""Y"":1},{""X"":3,""Y"":1},{""X"":4,""Y"":1},{""X"":6,""Y"":1},{""X"":6,""Y"":1},{""X"":7,""Y"":1},{""X"":9,""Y"":1},{""X"":12,""Y"":1},{""X"":19,""Y"":1},{""X"":21,""Y"":1},{""X"":24,""Y"":1},{""X"":27,""Y"":1},{""X"":31,""Y"":1},{""X"":4,""Y"":2},{""X"":4,""Y"":2},{""X"":20,""Y"":2},{""X"":6,""Y"":3},{""X"":31,""Y"":4}]","","","2f76d39b-711a-4967-8446-45d42d765694"
"47115","47115","20","35","37","[{""X"":1,""Y"":1},{""X"":1,""Y"":1},{""X"":18,""Y"":1},{""X"":18,""Y"":1},{""X"":37,""Y"":1},{""X"":2,""Y"":2},{""X"":3,""Y"":2},{""X"":4,""Y"":2},{""X"":5,""Y"":2},{""X"":9,""Y"":2},{""X"":13,""Y"":2},{""X"":13,""Y"":2},{""X"":15,""Y"":2},{""X"":16,""Y"":2},{""X"":18,""Y"":2},{""X"":15,""Y"":4},{""X"":10,""Y"":5},{""X"":24,""Y"":5},{""X"":34,""Y"":11},{""X"":28,""Y"":15}]","","","57a4ecab-df2a-4f62-b24d-b514dfbf2b1e"
"47103","47103","20","20","37","[{""X"":1,""Y"":1},{""X"":4,""Y"":1},{""X"":4,""Y"":1},{""X"":4,""Y"":1},{""X"":4,""Y"":1},{""X"":6,""Y"":1},{""X"":8,""Y"":1},{""X"":9,""Y"":1},{""X"":16,""Y"":1},{""X"":16,""Y"":1},{""X"":24,""Y"":1},{""X"":2,""Y"":2},{""X"":14,""Y"":2},{""X"":16,""Y"":2},{""X"":16,""Y"":2},{""X"":37,""Y"":3},{""X"":6,""Y"":4},{""X"":21,""Y"":4},{""X"":11,""Y"":7},{""X"":21,""Y"":12}]","","","17c866f8-7d87-4ffa-86ae-97a89e4dc108"
"47087","47087","20","38","19","[{""X"":3,""Y"":1},{""X"":4,""Y"":1},{""X"":4,""Y"":1},{""X"":6,""Y"":1},{""X"":7,""Y"":1},{""X"":8,""Y"":1},{""X"":11,""Y"":1},{""X"":11,""Y"":1},{""X"":18,""Y"":1},{""X"":19,""Y"":1},{""X"":25,""Y"":1},{""X"":16,""Y"":2},{""X"":7,""Y"":3},{""X"":18,""Y"":3},{""X"":10,""Y"":4},{""X"":14,""Y"":4},{""X"":16,""Y"":4},{""X"":37,""Y"":4},{""X"":13,""Y"":5},{""X"":21,""Y"":6}]","","","6edec5e4-c1ea-415e-b190-5268fd238e64"
"46977","46977","20","24","22","[{""X"":1,""Y"":1},{""X"":1,""Y"":1},{""X"":4,""Y"":1},{""X"":4,""Y"":1},{""X"":4,""Y"":1},{""X"":4,""Y"":1},{""X"":8,""Y"":1},{""X"":12,""Y"":1},{""X"":14,""Y"":1},{""X"":16,""Y"":1},{""X"":20,""Y"":1},{""X"":20,""Y"":1},{""X"":20,""Y"":1},{""X"":4,""Y"":3},{""X"":6,""Y"":3},{""X"":7,""Y"":3},{""X"":16,""Y"":3},{""X"":5,""Y"":4},{""X"":15,""Y"":4},{""X"":17,""Y"":13}]","","","b4b72f09-7dea-4f0b-9ec7-bcc8a7f93d3d"
"46937","46937","20","23","22","[{""X"":1,""Y"":1},{""X"":2,""Y"":1},{""X"":2,""Y"":1},{""X"":3,""Y"":1},{""X"":3,""Y"":1},{""X"":3,""Y"":1},{""X"":6,""Y"":1},{""X"":9,""Y"":1},{""X"":9,""Y"":1},{""X"":13,""Y"":1},{""X"":16,""Y"":1},{""X"":16,""Y"":1},{""X"":21,""Y"":1},{""X"":2,""Y"":2},{""X"":2,""Y"":2},{""X"":2,""Y"":2},{""X"":7,""Y"":2},{""X"":16,""Y"":3},{""X"":22,""Y"":6},{""X"":14,""Y"":14}]","","","e88f7b4f-f71f-40f1-9c5a-e7c9411f7d8a"
"46864","46864","20","38","34","[{""X"":2,""Y"":1},{""X"":2,""Y"":1},{""X"":8,""Y"":1},{""X"":8,""Y"":1},{""X"":24,""Y"":1},{""X"":2,""Y"":2},{""X"":10,""Y"":2},{""X"":10,""Y"":2},{""X"":13,""Y"":2},{""X"":17,""Y"":2},{""X"":18,""Y"":2},{""X"":24,""Y"":2},{""X"":25,""Y"":2},{""X"":6,""Y"":4},{""X"":7,""Y"":6},{""X"":12,""Y"":6},{""X"":25,""Y"":6},{""X"":20,""Y"":10},{""X"":16,""Y"":12},{""X"":22,""Y"":15}]","","","481c6c3e-6bb3-41b3-9c0c-6f26d842d409"
"46816","46816","20","32","27","[{""X"":2,""Y"":1},{""X"":4,""Y"":1},{""X"":5,""Y"":1},{""X"":6,""Y"":1},{""X"":9,""Y"":1},{""X"":11,""Y"":1},{""X"":16,""Y"":1},{""X"":16,""Y"":1},{""X"":17,""Y"":1},{""X"":3,""Y"":2},{""X"":4,""Y"":3},{""X"":16,""Y"":3},{""X"":16,""Y"":4},{""X"":16,""Y"":4},{""X"":17,""Y"":4},{""X"":16,""Y"":5},{""X"":16,""Y"":6},{""X"":16,""Y"":6},{""X"":10,""Y"":9},{""X"":14,""Y"":11}]","","","d1864f41-7998-4fd8-9067-21c258796973"
"46752","46752","20","38","27","[{""X"":1,""Y"":1},{""X"":2,""Y"":1},{""X"":4,""Y"":1},{""X"":10,""Y"":1},{""X"":12,""Y"":1},{""X"":12,""Y"":1},{""X"":14,""Y"":1},{""X"":20,""Y"":1},{""X"":24,""Y"":1},{""X"":23,""Y"":2},{""X"":25,""Y"":2},{""X"":37,""Y"":2},{""X"":7,""Y"":3},{""X"":23,""Y"":4},{""X"":6,""Y"":5},{""X"":18,""Y"":5},{""X"":10,""Y"":6},{""X"":14,""Y"":6},{""X"":20,""Y"":7},{""X"":24,""Y"":10}]","","","71a8f12e-8807-43f6-80ca-35eabdb2558d"
"46728","46728","20","13","15","[{""X"":1,""Y"":1},{""X"":2,""Y"":1},{""X"":3,""Y"":1},{""X"":4,""Y"":1},{""X"":4,""Y"":1},{""X"":4,""Y"":1},{""X"":6,""Y"":1},{""X"":6,""Y"":1},{""X"":9,""Y"":1},{""X"":15,""Y"":1},{""X"":3,""Y"":2},{""X"":3,""Y"":2},{""X"":3,""Y"":2},{""X"":3,""Y"":2},{""X"":4,""Y"":2},{""X"":6,""Y"":2},{""X"":14,""Y"":2},{""X"":15,""Y"":2},{""X"":5,""Y"":3},{""X"":6,""Y"":4}]","","","a6521e67-90b8-49f3-aa73-8219675ece21"
"46720","46720","20","37","34","[{""X"":1,""Y"":1},{""X"":9,""Y"":1},{""X"":9,""Y"":1},{""X"":10,""Y"":1},{""X"":13,""Y"":1},{""X"":22,""Y"":1},{""X"":25,""Y"":1},{""X"":36,""Y"":1},{""X"":36,""Y"":1},{""X"":12,""Y"":2},{""X"":14,""Y"":2},{""X"":22,""Y"":3},{""X"":6,""Y"":4},{""X"":36,""Y"":4},{""X"":36,""Y"":4},{""X"":8,""Y"":6},{""X"":13,""Y"":7},{""X"":22,""Y"":7},{""X"":16,""Y"":12},{""X"":14,""Y"":13}]","","","f5312650-1bb7-4d50-9082-a083947c03e9"
"44207","44207","20","35","40","[{""X"":1,""Y"":1},{""X"":1,""Y"":1},{""X"":2,""Y"":1},{""X"":2,""Y"":1},{""X"":3,""Y"":1},{""X"":4,""Y"":1},{""X"":7,""Y"":1},{""X"":19,""Y"":1},{""X"":20,""Y"":1},{""X"":24,""Y"":1},{""X"":34,""Y"":1},{""X"":4,""Y"":2},{""X"":8,""Y"":2},{""X"":21,""Y"":2},{""X"":25,""Y"":2},{""X"":8,""Y"":3},{""X"":24,""Y"":6},{""X"":13,""Y"":9},{""X"":21,""Y"":10},{""X"":28,""Y"":24}]","","","828fe4b6-046e-4622-a193-dbb62f5cea1a"
"44203","44203","20","24","34","[{""X"":2,""Y"":1},{""X"":4,""Y"":1},{""X"":4,""Y"":1},{""X"":7,""Y"":1},{""X"":8,""Y"":1},{""X"":8,""Y"":1},{""X"":8,""Y"":1},{""X"":8,""Y"":1},{""X"":8,""Y"":1},{""X"":16,""Y"":1},{""X"":6,""Y"":2},{""X"":7,""Y"":2},{""X"":8,""Y"":2},{""X"":16,""Y"":2},{""X"":7,""Y"":3},{""X"":9,""Y"":3},{""X"":8,""Y"":5},{""X"":15,""Y"":5},{""X"":33,""Y"":8},{""X"":22,""Y"":11}]","","","205f63f3-8faf-4666-9476-c00d1b32e8f1"
"44187","44187","20","13","20","[{""X"":1,""Y"":1},{""X"":1,""Y"":1},{""X"":2,""Y"":1},{""X"":2,""Y"":1},{""X"":2,""Y"":1},{""X"":2,""Y"":1},{""X"":3,""Y"":1},{""X"":3,""Y"":1},{""X"":3,""Y"":1},{""X"":4,""Y"":1},{""X"":10,""Y"":1},{""X"":19,""Y"":1},{""X"":3,""Y"":2},{""X"":4,""Y"":2},{""X"":6,""Y"":2},{""X"":6,""Y"":2},{""X"":7,""Y"":2},{""X"":5,""Y"":3},{""X"":7,""Y"":3},{""X"":20,""Y"":6}]","","","fc9d2bcf-f768-4513-95e7-37597c8a19d7"
"44163","44163","20","37","24","[{""X"":2,""Y"":1},{""X"":2,""Y"":1},{""X"":4,""Y"":1},{""X"":12,""Y"":1},{""X"":20,""Y"":1},{""X"":24,""Y"":1},{""X"":4,""Y"":2},{""X"":4,""Y"":2},{""X"":4,""Y"":2},{""X"":8,""Y"":2},{""X"":8,""Y"":2},{""X"":16,""Y"":2},{""X"":16,""Y"":2},{""X"":4,""Y"":4},{""X"":12,""Y"":4},{""X"":12,""Y"":4},{""X"":25,""Y"":4},{""X"":12,""Y"":5},{""X"":36,""Y"":6},{""X"":24,""Y"":9}]","","","781e86cc-2ab9-49d6-ba91-546c4fbe1e41"
"44131","44131","20","26","40","[{""X"":1,""Y"":1},{""X"":1,""Y"":1},{""X"":1,""Y"":1},{""X"":2,""Y"":1},{""X"":3,""Y"":1},{""X"":3,""Y"":1},{""X"":3,""Y"":1},{""X"":3,""Y"":1},{""X"":3,""Y"":1},{""X"":4,""Y"":1},{""X"":5,""Y"":1},{""X"":9,""Y"":1},{""X"":10,""Y"":1},{""X"":16,""Y"":1},{""X"":16,""Y"":1},{""X"":16,""Y"":3},{""X"":12,""Y"":4},{""X"":29,""Y"":8},{""X"":29,""Y"":8},{""X"":40,""Y"":10}]","","","c77d347d-c99f-4b2d-a83b-58d3db676e22"
"44019","44019","20","33","35","[{""X"":1,""Y"":1},{""X"":1,""Y"":1},{""X"":2,""Y"":1},{""X"":6,""Y"":1},{""X"":12,""Y"":1},{""X"":12,""Y"":1},{""X"":16,""Y"":1},{""X"":17,""Y"":1},{""X"":17,""Y"":1},{""X"":21,""Y"":1},{""X"":21,""Y"":1},{""X"":4,""Y"":2},{""X"":9,""Y"":2},{""X"":9,""Y"":2},{""X"":15,""Y"":2},{""X"":16,""Y"":2},{""X"":22,""Y"":2},{""X"":10,""Y"":6},{""X"":25,""Y"":11},{""X"":34,""Y"":16}]","","","cadf1b25-fa02-45cf-b253-86e118526037"
"43995","43995","20","15","26","[{""X"":1,""Y"":1},{""X"":1,""Y"":1},{""X"":1,""Y"":1},{""X"":1,""Y"":1},{""X"":1,""Y"":1},{""X"":1,""Y"":1},{""X"":1,""Y"":1},{""X"":1,""Y"":1},{""X"":2,""Y"":1},{""X"":2,""Y"":1},{""X"":3,""Y"":1},{""X"":3,""Y"":1},{""X"":5,""Y"":1},{""X"":13,""Y"":1},{""X"":16,""Y"":1},{""X"":19,""Y"":1},{""X"":15,""Y"":3},{""X"":4,""Y"":4},{""X"":6,""Y"":4},{""X"":26,""Y"":9}]","","","6e3f5ddf-fd01-4bac-974b-333b1e435efb"
"43974","43974","20","12","40","[{""X"":1,""Y"":1},{""X"":1,""Y"":1},{""X"":1,""Y"":1},{""X"":2,""Y"":1},{""X"":2,""Y"":1},{""X"":2,""Y"":1},{""X"":4,""Y"":1},{""X"":6,""Y"":1},{""X"":11,""Y"":1},{""X"":16,""Y"":1},{""X"":21,""Y"":1},{""X"":25,""Y"":1},{""X"":36,""Y"":1},{""X"":5,""Y"":2},{""X"":8,""Y"":2},{""X"":9,""Y"":2},{""X"":10,""Y"":2},{""X"":10,""Y"":2},{""X"":7,""Y"":4},{""X"":40,""Y"":6}]","","","31e1221e-6029-41fe-8910-8d459ffc1493"
"43934","43934","20","30","22","[{""X"":2,""Y"":1},{""X"":3,""Y"":1},{""X"":4,""Y"":1},{""X"":5,""Y"":1},{""X"":6,""Y"":1},{""X"":8,""Y"":1},{""X"":8,""Y"":1},{""X"":9,""Y"":1},{""X"":14,""Y"":1},{""X"":14,""Y"":1},{""X"":16,""Y"":1},{""X"":4,""Y"":2},{""X"":14,""Y"":2},{""X"":7,""Y"":3},{""X"":14,""Y"":3},{""X"":20,""Y"":4},{""X"":8,""Y"":5},{""X"":14,""Y"":5},{""X"":7,""Y"":6},{""X"":20,""Y"":12}]","","","00ee5b09-1e2b-412d-a2c3-0552c659c59c"
"43906","43906","20","38","24","[{""X"":1,""Y"":1},{""X"":2,""Y"":1},{""X"":2,""Y"":1},{""X"":7,""Y"":1},{""X"":7,""Y"":1},{""X"":8,""Y"":1},{""X"":12,""Y"":1},{""X"":12,""Y"":1},{""X"":12,""Y"":1},{""X"":17,""Y"":1},{""X"":22,""Y"":1},{""X"":36,""Y"":1},{""X"":37,""Y"":1},{""X"":2,""Y"":2},{""X"":2,""Y"":2},{""X"":13,""Y"":2},{""X"":27,""Y"":4},{""X"":37,""Y"":5},{""X"":14,""Y"":10},{""X"":27,""Y"":10}]","","","b3bb6ab8-1fe3-4688-b93d-8c29ad94fe12"
"43822","43822","20","27","35","[{""X"":2,""Y"":1},{""X"":3,""Y"":1},{""X"":3,""Y"":1},{""X"":3,""Y"":1},{""X"":5,""Y"":1},{""X"":9,""Y"":1},{""X"":14,""Y"":1},{""X"":18,""Y"":1},{""X"":35,""Y"":1},{""X"":35,""Y"":1},{""X"":6,""Y"":2},{""X"":8,""Y"":2},{""X"":11,""Y"":2},{""X"":11,""Y"":2},{""X"":6,""Y"":3},{""X"":6,""Y"":3},{""X"":15,""Y"":5},{""X"":8,""Y"":6},{""X"":22,""Y"":6},{""X"":35,""Y"":13}]","","","c2dc47ba-5426-41bc-849e-31aace8cbafd"
"43802","43802","20","12","14","[{""X"":1,""Y"":1},{""X"":3,""Y"":1},{""X"":3,""Y"":1},{""X"":3,""Y"":1},{""X"":4,""Y"":1},{""X"":4,""Y"":1},{""X"":4,""Y"":1},{""X"":4,""Y"":1},{""X"":4,""Y"":1},{""X"":5,""Y"":1},{""X"":5,""Y"":1},{""X"":6,""Y"":1},{""X"":9,""Y"":1},{""X"":14,""Y"":1},{""X"":2,""Y"":2},{""X"":3,""Y"":2},{""X"":3,""Y"":2},{""X"":4,""Y"":2},{""X"":3,""Y"":3},{""X"":11,""Y"":6}]","","","0919ba18-fc69-48e0-b279-286521f1ad22"
"43790","43790","20","29","40","[{""X"":2,""Y"":1},{""X"":2,""Y"":1},{""X"":2,""Y"":1},{""X"":13,""Y"":1},{""X"":13,""Y"":1},{""X"":4,""Y"":2},{""X"":4,""Y"":2},{""X"":9,""Y"":2},{""X"":6,""Y"":3},{""X"":9,""Y"":3},{""X"":13,""Y"":3},{""X"":13,""Y"":4},{""X"":15,""Y"":5},{""X"":22,""Y"":5},{""X"":7,""Y"":6},{""X"":7,""Y"":7},{""X"":9,""Y"":7},{""X"":13,""Y"":7},{""X"":16,""Y"":7},{""X"":26,""Y"":16}]","","","732d8854-2f14-4afa-86f5-584d7ef25217"
"43782","43782","20","10","34","[{""X"":1,""Y"":1},{""X"":1,""Y"":1},{""X"":1,""Y"":1},{""X"":2,""Y"":1},{""X"":4,""Y"":1},{""X"":5,""Y"":1},{""X"":5,""Y"":1},{""X"":6,""Y"":1},{""X"":7,""Y"":1},{""X"":7,""Y"":1},{""X"":12,""Y"":1},{""X"":15,""Y"":1},{""X"":16,""Y"":1},{""X"":2,""Y"":2},{""X"":4,""Y"":2},{""X"":5,""Y"":2},{""X"":7,""Y"":2},{""X"":9,""Y"":2},{""X"":14,""Y"":6},{""X"":20,""Y"":6}]","","","b4997255-a0b9-45b4-88f6-88099746c7c9"
"43778","43778","20","26","25","[{""X"":1,""Y"":1},{""X"":4,""Y"":1},{""X"":4,""Y"":1},{""X"":5,""Y"":1},{""X"":7,""Y"":1},{""X"":10,""Y"":1},{""X"":10,""Y"":1},{""X"":12,""Y"":1},{""X"":16,""Y"":1},{""X"":16,""Y"":1},{""X"":20,""Y"":1},{""X"":21,""Y"":1},{""X"":21,""Y"":1},{""X"":21,""Y"":2},{""X"":21,""Y"":2},{""X"":21,""Y"":2},{""X"":9,""Y"":5},{""X"":9,""Y"":5},{""X"":21,""Y"":7},{""X"":14,""Y"":10}]","","","a002999d-d01f-4db4-b070-37653e5b387f"
"43750","43750","20","25","18","[{""X"":1,""Y"":1},{""X"":2,""Y"":1},{""X"":2,""Y"":1},{""X"":8,""Y"":1},{""X"":8,""Y"":1},{""X"":9,""Y"":1},{""X"":9,""Y"":1},{""X"":11,""Y"":1},{""X"":12,""Y"":1},{""X"":16,""Y"":1},{""X"":16,""Y"":1},{""X"":12,""Y"":2},{""X"":16,""Y"":2},{""X"":18,""Y"":2},{""X"":5,""Y"":3},{""X"":18,""Y"":3},{""X"":12,""Y"":4},{""X"":18,""Y"":4},{""X"":6,""Y"":5},{""X"":9,""Y"":5}]","","","a09a9148-04fe-4346-95ee-bd0173eb5134"
"43719","43719","20","15","30","[{""X"":1,""Y"":1},{""X"":1,""Y"":1},{""X"":1,""Y"":1},{""X"":3,""Y"":1},{""X"":4,""Y"":1},{""X"":4,""Y"":1},{""X"":4,""Y"":1},{""X"":4,""Y"":1},{""X"":4,""Y"":1},{""X"":6,""Y"":1},{""X"":14,""Y"":1},{""X"":19,""Y"":1},{""X"":26,""Y"":1},{""X"":30,""Y"":1},{""X"":2,""Y"":2},{""X"":2,""Y"":2},{""X"":3,""Y"":2},{""X"":17,""Y"":3},{""X"":6,""Y"":4},{""X"":30,""Y"":8}]","","","ced8b0da-2470-447a-bde1-f6082cf348e7"
"43689","43689","20","39","36","[{""X"":2,""Y"":1},{""X"":4,""Y"":1},{""X"":4,""Y"":1},{""X"":4,""Y"":1},{""X"":4,""Y"":1},{""X"":6,""Y"":1},{""X"":8,""Y"":1},{""X"":11,""Y"":1},{""X"":11,""Y"":1},{""X"":14,""Y"":1},{""X"":36,""Y"":1},{""X"":38,""Y"":1},{""X"":38,""Y"":1},{""X"":38,""Y"":1},{""X"":38,""Y"":1},{""X"":38,""Y"":1},{""X"":2,""Y"":2},{""X"":2,""Y"":2},{""X"":38,""Y"":7},{""X"":38,""Y"":22}]","","","91fc5263-4e71-49ae-92f7-a14f177f85bd"
"43671","43671","20","36","29","[{""X"":1,""Y"":1},{""X"":2,""Y"":1},{""X"":2,""Y"":1},{""X"":2,""Y"":1},{""X"":3,""Y"":1},{""X"":6,""Y"":1},{""X"":8,""Y"":1},{""X"":9,""Y"":1},{""X"":11,""Y"":1},{""X"":29,""Y"":1},{""X"":5,""Y"":2},{""X"":6,""Y"":2},{""X"":33,""Y"":2},{""X"":35,""Y"":2},{""X"":4,""Y"":3},{""X"":10,""Y"":3},{""X"":12,""Y"":3},{""X"":35,""Y"":3},{""X"":35,""Y"":3},{""X"":35,""Y"":15}]","","","062d9c4f-b611-4bc5-90cc-4d307fe3a562"
"43665","43665","20","13","33","[{""X"":1,""Y"":1},{""X"":1,""Y"":1},{""X"":2,""Y"":1},{""X"":3,""Y"":1},{""X"":3,""Y"":1},{""X"":3,""Y"":1},{""X"":4,""Y"":1},{""X"":4,""Y"":1},{""X"":7,""Y"":1},{""X"":8,""Y"":1},{""X"":11,""Y"":1},{""X"":3,""Y"":2},{""X"":4,""Y"":2},{""X"":4,""Y"":2},{""X"":5,""Y"":3},{""X"":6,""Y"":3},{""X"":10,""Y"":3},{""X"":14,""Y"":3},{""X"":19,""Y"":3},{""X"":33,""Y"":6}]","","","8cab69f8-fcbf-4524-b3a5-73b83ba67f66"
"43659","43659","20","40","26","[{""X"":1,""Y"":1},{""X"":3,""Y"":1},{""X"":4,""Y"":1},{""X"":6,""Y"":1},{""X"":6,""Y"":1},{""X"":7,""Y"":1},{""X"":9,""Y"":1},{""X"":9,""Y"":1},{""X"":9,""Y"":1},{""X"":9,""Y"":1},{""X"":9,""Y"":1},{""X"":11,""Y"":1},{""X"":12,""Y"":1},{""X"":36,""Y"":1},{""X"":39,""Y"":1},{""X"":2,""Y"":2},{""X"":4,""Y"":2},{""X"":39,""Y"":4},{""X"":39,""Y"":9},{""X"":39,""Y"":9}]","","","75cbefee-b9e2-4988-893b-0e27dff10346"
"43645","43645","20","31","30","[{""X"":4,""Y"":1},{""X"":5,""Y"":1},{""X"":6,""Y"":1},{""X"":8,""Y"":1},{""X"":8,""Y"":1},{""X"":15,""Y"":1},{""X"":16,""Y"":1},{""X"":23,""Y"":1},{""X"":29,""Y"":1},{""X"":3,""Y"":2},{""X"":5,""Y"":2},{""X"":5,""Y"":2},{""X"":4,""Y"":3},{""X"":16,""Y"":3},{""X"":4,""Y"":4},{""X"":5,""Y"":4},{""X"":8,""Y"":4},{""X"":15,""Y"":7},{""X"":20,""Y"":9},{""X"":29,""Y"":13}]","","","107741f4-fd88-4de3-a5cc-47271f2d668f"
"43641","43641","20","27","37","[{""X"":1,""Y"":1},{""X"":1,""Y"":1},{""X"":2,""Y"":1},{""X"":3,""Y"":1},{""X"":8,""Y"":1},{""X"":9,""Y"":1},{""X"":9,""Y"":1},{""X"":14,""Y"":1},{""X"":16,""Y"":1},{""X"":16,""Y"":1},{""X"":5,""Y"":2},{""X"":9,""Y"":2},{""X"":11,""Y"":2},{""X"":16,""Y"":3},{""X"":16,""Y"":3},{""X"":18,""Y"":3},{""X"":16,""Y"":5},{""X"":16,""Y"":8},{""X"":16,""Y"":8},{""X"":24,""Y"":16}]","","","930407cc-0165-4258-95fa-63e9a14f5c5e"
"43633","43633","20","19","39","[{""X"":1,""Y"":1},{""X"":1,""Y"":1},{""X"":1,""Y"":1},{""X"":1,""Y"":1},{""X"":1,""Y"":1},{""X"":1,""Y"":1},{""X"":1,""Y"":1},{""X"":1,""Y"":1},{""X"":1,""Y"":1},{""X"":1,""Y"":1},{""X"":2,""Y"":1},{""X"":3,""Y"":1},{""X"":3,""Y"":1},{""X"":24,""Y"":1},{""X"":39,""Y"":1},{""X"":39,""Y"":1},{""X"":24,""Y"":2},{""X"":9,""Y"":3},{""X"":39,""Y"":3},{""X"":39,""Y"":11}]","","","9af27171-2021-49c0-a588-5f956ebf369e"
"43617","43617","20","33","33","[{""X"":1,""Y"":1},{""X"":2,""Y"":1},{""X"":5,""Y"":1},{""X"":6,""Y"":1},{""X"":9,""Y"":1},{""X"":11,""Y"":1},{""X"":11,""Y"":1},{""X"":4,""Y"":2},{""X"":4,""Y"":2},{""X"":11,""Y"":2},{""X"":12,""Y"":2},{""X"":6,""Y"":4},{""X"":15,""Y"":4},{""X"":31,""Y"":5},{""X"":11,""Y"":6},{""X"":17,""Y"":6},{""X"":17,""Y"":6},{""X"":11,""Y"":7},{""X"":17,""Y"":11},{""X"":19,""Y"":11}]","","","42f50318-c8ef-4b7a-8ab9-5c6ce36dc495"
"43593","43593","20","33","20","[{""X"":1,""Y"":1},{""X"":6,""Y"":1},{""X"":8,""Y"":1},{""X"":16,""Y"":1},{""X"":17,""Y"":1},{""X"":17,""Y"":1},{""X"":2,""Y"":2},{""X"":2,""Y"":2},{""X"":3,""Y"":2},{""X"":8,""Y"":2},{""X"":8,""Y"":2},{""X"":3,""Y"":3},{""X"":5,""Y"":3},{""X"":4,""Y"":4},{""X"":5,""Y"":4},{""X"":8,""Y"":4},{""X"":8,""Y"":4},{""X"":10,""Y"":5},{""X"":17,""Y"":7},{""X"":16,""Y"":16}]","","","4ac28ddf-06aa-4245-b735-42f0cbf06ad4"
"43545","43545","20","33","14","[{""X"":1,""Y"":1},{""X"":1,""Y"":1},{""X"":1,""Y"":1},{""X"":1,""Y"":1},{""X"":1,""Y"":1},{""X"":1,""Y"":1},{""X"":2,""Y"":1},{""X"":4,""Y"":1},{""X"":4,""Y"":1},{""X"":5,""Y"":1},{""X"":6,""Y"":1},{""X"":6,""Y"":1},{""X"":9,""Y"":1},{""X"":11,""Y"":1},{""X"":13,""Y"":1},{""X"":17,""Y"":1},{""X"":17,""Y"":1},{""X"":17,""Y"":3},{""X"":17,""Y"":7},{""X"":16,""Y"":12}]","","","1d4d35b5-bc49-40d2-9560-683604814e73"
"43513","43513","20","16","39","[{""X"":1,""Y"":1},{""X"":2,""Y"":1},{""X"":2,""Y"":1},{""X"":3,""Y"":1},{""X"":6,""Y"":1},{""X"":6,""Y"":1},{""X"":6,""Y"":1},{""X"":6,""Y"":1},{""X"":21,""Y"":1},{""X"":21,""Y"":1},{""X"":21,""Y"":1},{""X"":29,""Y"":1},{""X"":37,""Y"":1},{""X"":5,""Y"":2},{""X"":21,""Y"":2},{""X"":7,""Y"":4},{""X"":12,""Y"":4},{""X"":20,""Y"":4},{""X"":14,""Y"":5},{""X"":37,""Y"":5}]","","","adbbe6b2-ecdd-4801-aa22-0696e377df1d"
"43489","43489","20","33","26","[{""X"":2,""Y"":1},{""X"":4,""Y"":1},{""X"":9,""Y"":1},{""X"":9,""Y"":1},{""X"":11,""Y"":1},{""X"":11,""Y"":1},{""X"":13,""Y"":1},{""X"":2,""Y"":2},{""X"":2,""Y"":2},{""X"":3,""Y"":2},{""X"":5,""Y"":2},{""X"":5,""Y"":2},{""X"":16,""Y"":2},{""X"":18,""Y"":2},{""X"":22,""Y"":2},{""X"":22,""Y"":3},{""X"":22,""Y"":4},{""X"":22,""Y"":5},{""X"":17,""Y"":7},{""X"":18,""Y"":15}]","","","b5aede21-f512-4b87-92df-fbf2a67439e8"
"43465","43465","20","10","33","[{""X"":1,""Y"":1},{""X"":1,""Y"":1},{""X"":1,""Y"":1},{""X"":2,""Y"":1},{""X"":2,""Y"":1},{""X"":2,""Y"":1},{""X"":4,""Y"":1},{""X"":5,""Y"":1},{""X"":5,""Y"":1},{""X"":6,""Y"":1},{""X"":6,""Y"":1},{""X"":7,""Y"":1},{""X"":8,""Y"":1},{""X"":14,""Y"":1},{""X"":20,""Y"":1},{""X"":22,""Y"":1},{""X"":26,""Y"":1},{""X"":33,""Y"":1},{""X"":15,""Y"":5},{""X"":18,""Y"":5}]","","","2db69b59-5ea8-45e2-a971-24c0c96145dd"
"43453","43453","20","12","24","[{""X"":1,""Y"":1},{""X"":1,""Y"":1},{""X"":1,""Y"":1},{""X"":1,""Y"":1},{""X"":1,""Y"":1},{""X"":1,""Y"":1},{""X"":1,""Y"":1},{""X"":1,""Y"":1},{""X"":2,""Y"":1},{""X"":2,""Y"":1},{""X"":3,""Y"":1},{""X"":3,""Y"":1},{""X"":4,""Y"":1},{""X"":10,""Y"":1},{""X"":24,""Y"":1},{""X"":4,""Y"":2},{""X"":14,""Y"":2},{""X"":18,""Y"":2},{""X"":10,""Y"":4},{""X"":24,""Y"":5}]","","","629f18f7-52ed-46b0-baf7-bf426aef1178"
"43397","43397","20","34","32","[{""X"":1,""Y"":1},{""X"":3,""Y"":1},{""X"":4,""Y"":1},{""X"":7,""Y"":1},{""X"":9,""Y"":1},{""X"":17,""Y"":1},{""X"":20,""Y"":1},{""X"":20,""Y"":1},{""X"":24,""Y"":1},{""X"":28,""Y"":1},{""X"":33,""Y"":1},{""X"":8,""Y"":2},{""X"":25,""Y"":2},{""X"":4,""Y"":3},{""X"":9,""Y"":3},{""X"":33,""Y"":3},{""X"":8,""Y"":4},{""X"":25,""Y"":4},{""X"":17,""Y"":8},{""X"":25,""Y"":18}]","","","1c6cc622-412b-4f56-be76-5e17b24703bb"
"43377","43377","20","37","25","[{""X"":2,""Y"":1},{""X"":5,""Y"":1},{""X"":6,""Y"":1},{""X"":19,""Y"":1},{""X"":20,""Y"":1},{""X"":24,""Y"":1},{""X"":24,""Y"":1},{""X"":24,""Y"":1},{""X"":25,""Y"":1},{""X"":25,""Y"":1},{""X"":30,""Y"":1},{""X"":36,""Y"":1},{""X"":36,""Y"":1},{""X"":36,""Y"":1},{""X"":2,""Y"":2},{""X"":4,""Y"":2},{""X"":4,""Y"":2},{""X"":24,""Y"":2},{""X"":19,""Y"":11},{""X"":24,""Y"":14}]","","","caeabcec-99f8-4053-8cc4-8f142dfeff1b"
"43369","43369","20","38","24","[{""X"":1,""Y"":1},{""X"":1,""Y"":1},{""X"":2,""Y"":1},{""X"":5,""Y"":1},{""X"":10,""Y"":1},{""X"":12,""Y"":1},{""X"":14,""Y"":1},{""X"":20,""Y"":1},{""X"":3,""Y"":2},{""X"":4,""Y"":2},{""X"":10,""Y"":2},{""X"":13,""Y"":2},{""X"":14,""Y"":2},{""X"":16,""Y"":2},{""X"":24,""Y"":2},{""X"":13,""Y"":4},{""X"":19,""Y"":4},{""X"":19,""Y"":4},{""X"":19,""Y"":9},{""X"":19,""Y"":16}]","","","d95280d3-65be-4ca1-a516-71bbf6e0792c"
"43357","43357","20","18","36","[{""X"":1,""Y"":1},{""X"":1,""Y"":1},{""X"":1,""Y"":1},{""X"":4,""Y"":1},{""X"":4,""Y"":1},{""X"":4,""Y"":1},{""X"":9,""Y"":1},{""X"":12,""Y"":1},{""X"":16,""Y"":1},{""X"":26,""Y"":1},{""X"":36,""Y"":1},{""X"":4,""Y"":2},{""X"":25,""Y"":2},{""X"":4,""Y"":4},{""X"":5,""Y"":4},{""X"":5,""Y"":4},{""X"":25,""Y"":4},{""X"":25,""Y"":4},{""X"":14,""Y"":5},{""X"":25,""Y"":6}]","","","0cc01678-ad11-4b03-80f3-1a08d5f85f79"
"43333","43333","20","32","35","[{""X"":2,""Y"":1},{""X"":7,""Y"":1},{""X"":7,""Y"":1},{""X"":8,""Y"":1},{""X"":9,""Y"":1},{""X"":14,""Y"":1},{""X"":14,""Y"":1},{""X"":14,""Y"":1},{""X"":21,""Y"":1},{""X"":4,""Y"":2},{""X"":19,""Y"":2},{""X"":10,""Y"":3},{""X"":14,""Y"":3},{""X"":26,""Y"":3},{""X"":10,""Y"":4},{""X"":26,""Y"":4},{""X"":8,""Y"":6},{""X"":35,""Y"":8},{""X"":10,""Y"":9},{""X"":19,""Y"":14}]","","","b8999d7e-5e4d-4e59-a5e3-b19172799376"
"43317","43317","20","15","33","[{""X"":1,""Y"":1},{""X"":1,""Y"":1},{""X"":1,""Y"":1},{""X"":1,""Y"":1},{""X"":2,""Y"":1},{""X"":2,""Y"":1},{""X"":2,""Y"":1},{""X"":3,""Y"":1},{""X"":3,""Y"":1},{""X"":8,""Y"":1},{""X"":21,""Y"":1},{""X"":23,""Y"":1},{""X"":23,""Y"":1},{""X"":29,""Y"":1},{""X"":2,""Y"":2},{""X"":2,""Y"":2},{""X"":5,""Y"":2},{""X"":7,""Y"":2},{""X"":23,""Y"":2},{""X"":33,""Y"":9}]","","","4c8a32c0-8ad7-4d58-9b4f-f19125ca8db1"
"43285","43285","20","10","36","[{""X"":1,""Y"":1},{""X"":1,""Y"":1},{""X"":2,""Y"":1},{""X"":4,""Y"":1},{""X"":6,""Y"":1},{""X"":8,""Y"":1},{""X"":9,""Y"":1},{""X"":10,""Y"":1},{""X"":10,""Y"":1},{""X"":14,""Y"":1},{""X"":16,""Y"":1},{""X"":19,""Y"":1},{""X"":20,""Y"":1},{""X"":26,""Y"":1},{""X"":36,""Y"":1},{""X"":36,""Y"":1},{""X"":4,""Y"":2},{""X"":9,""Y"":2},{""X"":22,""Y"":2},{""X"":36,""Y"":2}]","","","60316e0e-f025-4a01-9c7d-2e65eb278fe9"
"43273","43273","20","36","37","[{""X"":4,""Y"":1},{""X"":10,""Y"":1},{""X"":11,""Y"":1},{""X"":11,""Y"":1},{""X"":11,""Y"":1},{""X"":18,""Y"":1},{""X"":25,""Y"":1},{""X"":33,""Y"":1},{""X"":35,""Y"":1},{""X"":35,""Y"":1},{""X"":10,""Y"":2},{""X"":35,""Y"":2},{""X"":11,""Y"":3},{""X"":35,""Y"":3},{""X"":35,""Y"":4},{""X"":11,""Y"":7},{""X"":11,""Y"":7},{""X"":11,""Y"":10},{""X"":18,""Y"":14},{""X"":17,""Y"":15}]","","","f7a9555c-60ae-485f-a2c7-dabfb874bfed"
"43233","43233","20","23","30","[{""X"":1,""Y"":1},{""X"":1,""Y"":1},{""X"":2,""Y"":1},{""X"":2,""Y"":1},{""X"":2,""Y"":1},{""X"":2,""Y"":1},{""X"":2,""Y"":1},{""X"":5,""Y"":1},{""X"":7,""Y"":1},{""X"":7,""Y"":1},{""X"":7,""Y"":1},{""X"":2,""Y"":2},{""X"":2,""Y"":2},{""X"":3,""Y"":2},{""X"":7,""Y"":2},{""X"":7,""Y"":4},{""X"":8,""Y"":4},{""X"":7,""Y"":6},{""X"":7,""Y"":6},{""X"":30,""Y"":16}]","","","39b83d26-12d9-4592-88fc-792ff58c90c9"
"43217","43217","20","11","24","[{""X"":1,""Y"":1},{""X"":1,""Y"":1},{""X"":2,""Y"":1},{""X"":2,""Y"":1},{""X"":2,""Y"":1},{""X"":4,""Y"":1},{""X"":4,""Y"":1},{""X"":4,""Y"":1},{""X"":6,""Y"":1},{""X"":6,""Y"":1},{""X"":9,""Y"":1},{""X"":9,""Y"":1},{""X"":10,""Y"":1},{""X"":20,""Y"":1},{""X"":24,""Y"":1},{""X"":8,""Y"":2},{""X"":4,""Y"":3},{""X"":4,""Y"":4},{""X"":5,""Y"":4},{""X"":24,""Y"":4}]","","","22d39e3f-1dd1-4f51-8a08-debdddc8b04a"
"43189","43189","20","38","27","[{""X"":2,""Y"":1},{""X"":2,""Y"":1},{""X"":4,""Y"":1},{""X"":4,""Y"":1},{""X"":9,""Y"":1},{""X"":9,""Y"":1},{""X"":10,""Y"":1},{""X"":10,""Y"":1},{""X"":10,""Y"":1},{""X"":20,""Y"":1},{""X"":37,""Y"":1},{""X"":4,""Y"":2},{""X"":12,""Y"":2},{""X"":21,""Y"":2},{""X"":27,""Y"":2},{""X"":22,""Y"":4},{""X"":20,""Y"":5},{""X"":13,""Y"":6},{""X"":15,""Y"":13},{""X"":20,""Y"":16}]","","","8624ed29-69bd-4d71-83be-d4ab6e39bba9"
"43161","43161","20","29","31","[{""X"":2,""Y"":1},{""X"":3,""Y"":1},{""X"":4,""Y"":1},{""X"":4,""Y"":1},{""X"":11,""Y"":1},{""X"":11,""Y"":1},{""X"":13,""Y"":1},{""X"":16,""Y"":1},{""X"":16,""Y"":1},{""X"":16,""Y"":1},{""X"":13,""Y"":2},{""X"":9,""Y"":3},{""X"":11,""Y"":3},{""X"":16,""Y"":3},{""X"":18,""Y"":4},{""X"":24,""Y"":4},{""X"":6,""Y"":5},{""X"":8,""Y"":6},{""X"":15,""Y"":9},{""X"":24,""Y"":12}]","","","58555af5-5de6-4753-a7d7-98c001469d42"
"43149","43149","20","29","34","[{""X"":1,""Y"":1},{""X"":2,""Y"":1},{""X"":2,""Y"":1},{""X"":4,""Y"":1},{""X"":4,""Y"":1},{""X"":8,""Y"":1},{""X"":9,""Y"":1},{""X"":10,""Y"":1},{""X"":14,""Y"":1},{""X"":5,""Y"":2},{""X"":7,""Y"":2},{""X"":14,""Y"":2},{""X"":19,""Y"":2},{""X"":19,""Y"":2},{""X"":7,""Y"":3},{""X"":8,""Y"":4},{""X"":18,""Y"":4},{""X"":8,""Y"":5},{""X"":19,""Y"":5},{""X"":34,""Y"":16}]","","","c9ffb750-bfb8-4780-bc7a-b8140bb495f5"
"43121","43121","20","34","38","[{""X"":1,""Y"":1},{""X"":1,""Y"":1},{""X"":1,""Y"":1},{""X"":2,""Y"":1},{""X"":4,""Y"":1},{""X"":6,""Y"":1},{""X"":8,""Y"":1},{""X"":13,""Y"":1},{""X"":15,""Y"":1},{""X"":15,""Y"":1},{""X"":15,""Y"":1},{""X"":18,""Y"":1},{""X"":34,""Y"":1},{""X"":18,""Y"":2},{""X"":22,""Y"":4},{""X"":7,""Y"":5},{""X"":13,""Y"":5},{""X"":11,""Y"":6},{""X"":33,""Y"":7},{""X"":29,""Y"":22}]","","","416bc278-9459-4743-8499-b65ecdf71305"
"43081","43081","20","21","24","[{""X"":1,""Y"":1},{""X"":1,""Y"":1},{""X"":1,""Y"":1},{""X"":1,""Y"":1},{""X"":2,""Y"":1},{""X"":3,""Y"":1},{""X"":3,""Y"":1},{""X"":3,""Y"":1},{""X"":4,""Y"":1},{""X"":4,""Y"":1},{""X"":5,""Y"":1},{""X"":5,""Y"":1},{""X"":5,""Y"":1},{""X"":14,""Y"":1},{""X"":14,""Y"":1},{""X"":5,""Y"":2},{""X"":4,""Y"":4},{""X"":14,""Y"":4},{""X"":16,""Y"":10},{""X"":14,""Y"":14}]","","","4108a5f2-96cc-49a0-976d-778585302485"
"42913","42913","20","30","24","[{""X"":4,""Y"":1},{""X"":9,""Y"":1},{""X"":13,""Y"":1},{""X"":14,""Y"":1},{""X"":14,""Y"":1},{""X"":14,""Y"":1},{""X"":16,""Y"":1},{""X"":16,""Y"":1},{""X"":16,""Y"":1},{""X"":13,""Y"":2},{""X"":16,""Y"":2},{""X"":16,""Y"":2},{""X"":13,""Y"":3},{""X"":13,""Y"":3},{""X"":14,""Y"":3},{""X"":16,""Y"":4},{""X"":9,""Y"":5},{""X"":9,""Y"":6},{""X"":13,""Y"":6},{""X"":17,""Y"":9}]","","","d0b89251-03fd-4d59-8a01-486b13e18128"
"42901","42901","20","13","25","[{""X"":1,""Y"":1},{""X"":1,""Y"":1},{""X"":1,""Y"":1},{""X"":2,""Y"":1},{""X"":3,""Y"":1},{""X"":3,""Y"":1},{""X"":4,""Y"":1},{""X"":4,""Y"":1},{""X"":4,""Y"":1},{""X"":4,""Y"":1},{""X"":4,""Y"":1},{""X"":6,""Y"":1},{""X"":7,""Y"":1},{""X"":25,""Y"":1},{""X"":25,""Y"":1},{""X"":4,""Y"":2},{""X"":25,""Y"":2},{""X"":6,""Y"":3},{""X"":10,""Y"":3},{""X"":25,""Y"":5}]","","","12e3af42-82bd-46cf-88d8-c8a7099cc029"
"37715","37715","20","23","29","[{""X"":1,""Y"":1},{""X"":1,""Y"":1},{""X"":2,""Y"":1},{""X"":4,""Y"":1},{""X"":5,""Y"":1},{""X"":5,""Y"":1},{""X"":5,""Y"":1},{""X"":5,""Y"":1},{""X"":9,""Y"":1},{""X"":11,""Y"":1},{""X"":11,""Y"":1},{""X"":3,""Y"":2},{""X"":14,""Y"":2},{""X"":14,""Y"":2},{""X"":22,""Y"":3},{""X"":21,""Y"":4},{""X"":6,""Y"":5},{""X"":9,""Y"":5},{""X"":7,""Y"":7},{""X"":17,""Y"":16}]","","","deeacece-8e80-4d7b-9ab1-4bdc3f0f141a"
"37675","37675","20","15","30","[{""X"":1,""Y"":1},{""X"":2,""Y"":1},{""X"":2,""Y"":1},{""X"":2,""Y"":1},{""X"":2,""Y"":1},{""X"":2,""Y"":1},{""X"":3,""Y"":1},{""X"":4,""Y"":1},{""X"":4,""Y"":1},{""X"":14,""Y"":1},{""X"":14,""Y"":1},{""X"":16,""Y"":1},{""X"":22,""Y"":1},{""X"":2,""Y"":2},{""X"":3,""Y"":2},{""X"":6,""Y"":3},{""X"":8,""Y"":3},{""X"":22,""Y"":3},{""X"":16,""Y"":4},{""X"":30,""Y"":6}]","","","19adb7d7-e498-44f8-8d19-c45033527c14"
"37665","37665","20","20","38","[{""X"":1,""Y"":1},{""X"":1,""Y"":1},{""X"":2,""Y"":1},{""X"":2,""Y"":1},{""X"":2,""Y"":1},{""X"":2,""Y"":1},{""X"":4,""Y"":1},{""X"":4,""Y"":1},{""X"":13,""Y"":1},{""X"":13,""Y"":1},{""X"":38,""Y"":1},{""X"":38,""Y"":1},{""X"":2,""Y"":2},{""X"":2,""Y"":2},{""X"":12,""Y"":2},{""X"":14,""Y"":2},{""X"":4,""Y"":4},{""X"":15,""Y"":4},{""X"":15,""Y"":14},{""X"":21,""Y"":14}]","","","8223882a-f753-41bf-8b1e-cb0ad14f2a81"
"37635","37635","20","14","31","[{""X"":1,""Y"":1},{""X"":1,""Y"":1},{""X"":1,""Y"":1},{""X"":1,""Y"":1},{""X"":2,""Y"":1},{""X"":3,""Y"":1},{""X"":3,""Y"":1},{""X"":3,""Y"":1},{""X"":4,""Y"":1},{""X"":6,""Y"":1},{""X"":7,""Y"":1},{""X"":8,""Y"":1},{""X"":18,""Y"":1},{""X"":19,""Y"":1},{""X"":31,""Y"":1},{""X"":4,""Y"":2},{""X"":19,""Y"":2},{""X"":24,""Y"":2},{""X"":5,""Y"":3},{""X"":31,""Y"":7}]","","","5f755a41-6828-4c65-8623-b0716bed586d"
"36625","36625","20","38","38","[{""X"":1,""Y"":1},{""X"":1,""Y"":1},{""X"":2,""Y"":1},{""X"":2,""Y"":1},{""X"":2,""Y"":1},{""X"":11,""Y"":1},{""X"":11,""Y"":1},{""X"":37,""Y"":1},{""X"":38,""Y"":1},{""X"":4,""Y"":2},{""X"":4,""Y"":2},{""X"":6,""Y"":2},{""X"":7,""Y"":2},{""X"":8,""Y"":2},{""X"":10,""Y"":2},{""X"":20,""Y"":2},{""X"":37,""Y"":3},{""X"":37,""Y"":6},{""X"":37,""Y"":9},{""X"":37,""Y"":15}]","","","7b5f74ec-8120-4b9f-b745-0700b3310397"
"22291","22291","20","34","34","[{""X"":1,""Y"":1},{""X"":4,""Y"":1},{""X"":7,""Y"":1},{""X"":8,""Y"":1},{""X"":8,""Y"":1},{""X"":20,""Y"":1},{""X"":21,""Y"":1},{""X"":34,""Y"":1},{""X"":33,""Y"":2},{""X"":6,""Y"":3},{""X"":8,""Y"":3},{""X"":9,""Y"":3},{""X"":18,""Y"":3},{""X"":20,""Y"":4},{""X"":33,""Y"":4},{""X"":33,""Y"":4},{""X"":5,""Y"":5},{""X"":15,""Y"":5},{""X"":28,""Y"":6},{""X"":28,""Y"":9}]","","","ee0fb812-a6d6-4485-a7e3-fab68a6ad70e"
"22286","22286","20","20","28","[{""X"":1,""Y"":1},{""X"":3,""Y"":1},{""X"":4,""Y"":1},{""X"":4,""Y"":1},{""X"":5,""Y"":1},{""X"":12,""Y"":1},{""X"":15,""Y"":1},{""X"":16,""Y"":1},{""X"":16,""Y"":1},{""X"":16,""Y"":1},{""X"":19,""Y"":1},{""X"":24,""Y"":1},{""X"":16,""Y"":2},{""X"":19,""Y"":2},{""X"":24,""Y"":3},{""X"":8,""Y"":4},{""X"":6,""Y"":5},{""X"":16,""Y"":5},{""X"":17,""Y"":5},{""X"":8,""Y"":7}]","","","6aeedf5a-57f0-4092-ab75-ceb95b24086e"
"22132","22132","20","20","34","[{""X"":1,""Y"":1},{""X"":1,""Y"":1},{""X"":2,""Y"":1},{""X"":2,""Y"":1},{""X"":2,""Y"":1},{""X"":4,""Y"":1},{""X"":4,""Y"":1},{""X"":7,""Y"":1},{""X"":8,""Y"":1},{""X"":14,""Y"":1},{""X"":19,""Y"":1},{""X"":33,""Y"":1},{""X"":33,""Y"":1},{""X"":33,""Y"":1},{""X"":3,""Y"":2},{""X"":4,""Y"":2},{""X"":9,""Y"":2},{""X"":7,""Y"":3},{""X"":16,""Y"":10},{""X"":19,""Y"":16}]","","","ce9a915e-68d4-4e10-b9a0-c2f9b5a0fd11"
"22130","22130","20","40","23","[{""X"":1,""Y"":1},{""X"":1,""Y"":1},{""X"":1,""Y"":1},{""X"":1,""Y"":1},{""X"":1,""Y"":1},{""X"":1,""Y"":1},{""X"":1,""Y"":1},{""X"":1,""Y"":1},{""X"":2,""Y"":1},{""X"":5,""Y"":1},{""X"":7,""Y"":1},{""X"":16,""Y"":1},{""X"":19,""Y"":1},{""X"":37,""Y"":1},{""X"":14,""Y"":2},{""X"":8,""Y"":6},{""X"":37,""Y"":6},{""X"":10,""Y"":8},{""X"":16,""Y"":8},{""X"":20,""Y"":16}]","","","d3c465d9-5daf-42cc-8695-12ddfd077388"
"22128","22128","20","10","38","[{""X"":1,""Y"":1},{""X"":1,""Y"":1},{""X"":3,""Y"":1},{""X"":4,""Y"":1},{""X"":6,""Y"":1},{""X"":6,""Y"":1},{""X"":7,""Y"":1},{""X"":8,""Y"":1},{""X"":22,""Y"":1},{""X"":25,""Y"":1},{""X"":31,""Y"":1},{""X"":4,""Y"":2},{""X"":10,""Y"":2},{""X"":17,""Y"":2},{""X"":21,""Y"":2},{""X"":21,""Y"":2},{""X"":22,""Y"":2},{""X"":4,""Y"":4},{""X"":6,""Y"":4},{""X"":9,""Y"":4}]","","","471a84e2-e758-4b6a-9c24-845e7bf2c42d"
"22114","22114","20","35","37","[{""X"":1,""Y"":1},{""X"":1,""Y"":1},{""X"":1,""Y"":1},{""X"":1,""Y"":1},{""X"":1,""Y"":1},{""X"":1,""Y"":1},{""X"":1,""Y"":1},{""X"":1,""Y"":1},{""X"":1,""Y"":1},{""X"":2,""Y"":1},{""X"":3,""Y"":1},{""X"":6,""Y"":1},{""X"":7,""Y"":1},{""X"":12,""Y"":1},{""X"":2,""Y"":2},{""X"":9,""Y"":2},{""X"":10,""Y"":2},{""X"":15,""Y"":2},{""X"":37,""Y"":11},{""X"":37,""Y"":21}]","","","393c0ecb-ca1a-45e7-93d8-f48d8897ad42"
"22106","22106","20","36","40","[{""X"":1,""Y"":1},{""X"":1,""Y"":1},{""X"":3,""Y"":1},{""X"":4,""Y"":1},{""X"":5,""Y"":1},{""X"":5,""Y"":1},{""X"":5,""Y"":1},{""X"":5,""Y"":1},{""X"":5,""Y"":1},{""X"":6,""Y"":1},{""X"":7,""Y"":1},{""X"":9,""Y"":1},{""X"":10,""Y"":1},{""X"":10,""Y"":1},{""X"":10,""Y"":1},{""X"":16,""Y"":1},{""X"":5,""Y"":3},{""X"":33,""Y"":5},{""X"":24,""Y"":7},{""X"":33,""Y"":30}]","","","f1efec7d-19e5-465f-9ee1-d9f8d9405906"
"22080","22080","20","18","35","[{""X"":1,""Y"":1},{""X"":1,""Y"":1},{""X"":2,""Y"":1},{""X"":2,""Y"":1},{""X"":4,""Y"":1},{""X"":7,""Y"":1},{""X"":8,""Y"":1},{""X"":9,""Y"":1},{""X"":15,""Y"":1},{""X"":16,""Y"":1},{""X"":31,""Y"":1},{""X"":31,""Y"":1},{""X"":4,""Y"":2},{""X"":10,""Y"":2},{""X"":12,""Y"":2},{""X"":7,""Y"":4},{""X"":22,""Y"":4},{""X"":9,""Y"":5},{""X"":10,""Y"":5},{""X"":20,""Y"":12}]","","","4f7fa34a-b131-4874-91a1-d21c1684436e"
"22058","22058","20","23","21","[{""X"":1,""Y"":1},{""X"":1,""Y"":1},{""X"":1,""Y"":1},{""X"":1,""Y"":1},{""X"":1,""Y"":1},{""X"":1,""Y"":1},{""X"":6,""Y"":1},{""X"":6,""Y"":1},{""X"":7,""Y"":1},{""X"":16,""Y"":1},{""X"":16,""Y"":1},{""X"":16,""Y"":1},{""X"":16,""Y"":1},{""X"":16,""Y"":1},{""X"":5,""Y"":2},{""X"":5,""Y"":4},{""X"":16,""Y"":4},{""X"":16,""Y"":4},{""X"":12,""Y"":5},{""X"":16,""Y"":10}]","","","e95ca387-e0d6-46db-b413-cb9581723788"
"21467","21467","20","25","34","[{""X"":1,""Y"":1},{""X"":1,""Y"":1},{""X"":1,""Y"":1},{""X"":2,""Y"":1},{""X"":2,""Y"":1},{""X"":4,""Y"":1},{""X"":4,""Y"":1},{""X"":5,""Y"":1},{""X"":5,""Y"":1},{""X"":5,""Y"":1},{""X"":5,""Y"":1},{""X"":8,""Y"":1},{""X"":9,""Y"":1},{""X"":9,""Y"":1},{""X"":11,""Y"":2},{""X"":5,""Y"":5},{""X"":23,""Y"":5},{""X"":33,""Y"":9},{""X"":15,""Y"":11},{""X"":15,""Y"":11}]","","","5a313366-d850-4a90-a5bf-e83a042a94ea"
"21451","21451","20","30","25","[{""X"":1,""Y"":1},{""X"":1,""Y"":1},{""X"":1,""Y"":1},{""X"":1,""Y"":1},{""X"":3,""Y"":1},{""X"":4,""Y"":1},{""X"":7,""Y"":1},{""X"":7,""Y"":1},{""X"":7,""Y"":1},{""X"":8,""Y"":1},{""X"":8,""Y"":1},{""X"":9,""Y"":1},{""X"":9,""Y"":1},{""X"":14,""Y"":1},{""X"":16,""Y"":1},{""X"":19,""Y"":3},{""X"":13,""Y"":6},{""X"":25,""Y"":6},{""X"":25,""Y"":8},{""X"":13,""Y"":13}]","","","6562ce61-46f1-4940-a995-586d4b174efc"
"21441","21441","20","27","33","[{""X"":1,""Y"":1},{""X"":2,""Y"":1},{""X"":2,""Y"":1},{""X"":3,""Y"":1},{""X"":3,""Y"":1},{""X"":5,""Y"":1},{""X"":5,""Y"":1},{""X"":16,""Y"":1},{""X"":2,""Y"":2},{""X"":4,""Y"":2},{""X"":4,""Y"":2},{""X"":4,""Y"":2},{""X"":6,""Y"":2},{""X"":9,""Y"":2},{""X"":5,""Y"":4},{""X"":22,""Y"":4},{""X"":15,""Y"":5},{""X"":16,""Y"":6},{""X"":22,""Y"":7},{""X"":33,""Y"":11}]","","","f98407e1-4909-4a04-aeff-d90439c517c7"
"21437","21437","20","22","22","[{""X"":1,""Y"":1},{""X"":2,""Y"":1},{""X"":2,""Y"":1},{""X"":2,""Y"":1},{""X"":5,""Y"":1},{""X"":6,""Y"":1},{""X"":6,""Y"":1},{""X"":13,""Y"":1},{""X"":2,""Y"":2},{""X"":2,""Y"":2},{""X"":4,""Y"":2},{""X"":4,""Y"":2},{""X"":4,""Y"":2},{""X"":8,""Y"":2},{""X"":11,""Y"":2},{""X"":6,""Y"":3},{""X"":16,""Y"":5},{""X"":13,""Y"":6},{""X"":14,""Y"":6},{""X"":13,""Y"":9}]","","","03e913c1-25e7-4789-b49d-bde3d012bd24"
"21429","21429","20","26","33","[{""X"":4,""Y"":1},{""X"":4,""Y"":1},{""X"":4,""Y"":1},{""X"":5,""Y"":1},{""X"":6,""Y"":1},{""X"":6,""Y"":1},{""X"":12,""Y"":1},{""X"":12,""Y"":1},{""X"":16,""Y"":1},{""X"":6,""Y"":2},{""X"":9,""Y"":2},{""X"":16,""Y"":2},{""X"":33,""Y"":2},{""X"":5,""Y"":4},{""X"":6,""Y"":4},{""X"":5,""Y"":5},{""X"":7,""Y"":6},{""X"":22,""Y"":7},{""X"":27,""Y"":8},{""X"":20,""Y"":9}]","","","981f0d81-162a-4626-bec7-77ce3707ac53"
"21395","21395","20","21","14","[{""X"":1,""Y"":1},{""X"":3,""Y"":1},{""X"":5,""Y"":1},{""X"":7,""Y"":1},{""X"":7,""Y"":1},{""X"":7,""Y"":1},{""X"":9,""Y"":1},{""X"":9,""Y"":1},{""X"":14,""Y"":1},{""X"":14,""Y"":1},{""X"":14,""Y"":1},{""X"":16,""Y"":1},{""X"":2,""Y"":2},{""X"":4,""Y"":2},{""X"":8,""Y"":2},{""X"":10,""Y"":2},{""X"":14,""Y"":2},{""X"":14,""Y"":2},{""X"":14,""Y"":2},{""X"":14,""Y"":4}]","","","e4729264-376f-4041-acb3-00d439a6d936"
"21369","21369","20","29","32","[{""X"":1,""Y"":1},{""X"":1,""Y"":1},{""X"":5,""Y"":1},{""X"":6,""Y"":1},{""X"":6,""Y"":1},{""X"":7,""Y"":1},{""X"":13,""Y"":1},{""X"":13,""Y"":1},{""X"":13,""Y"":1},{""X"":5,""Y"":2},{""X"":7,""Y"":2},{""X"":5,""Y"":3},{""X"":10,""Y"":3},{""X"":13,""Y"":3},{""X"":13,""Y"":4},{""X"":9,""Y"":5},{""X"":13,""Y"":6},{""X"":13,""Y"":10},{""X"":22,""Y"":11},{""X"":16,""Y"":13}]","","","0df12468-caaa-4be2-b910-9230b0e7e127"
"21339","21339","20","30","27","[{""X"":1,""Y"":1},{""X"":1,""Y"":1},{""X"":1,""Y"":1},{""X"":1,""Y"":1},{""X"":2,""Y"":1},{""X"":2,""Y"":1},{""X"":3,""Y"":1},{""X"":4,""Y"":1},{""X"":4,""Y"":1},{""X"":7,""Y"":1},{""X"":7,""Y"":1},{""X"":11,""Y"":1},{""X"":15,""Y"":1},{""X"":4,""Y"":2},{""X"":4,""Y"":2},{""X"":8,""Y"":2},{""X"":14,""Y"":2},{""X"":11,""Y"":3},{""X"":23,""Y"":14},{""X"":21,""Y"":16}]","","","371e6414-28cc-4091-b538-76b451d6cacf"
"21313","21313","20","40","26","[{""X"":13,""Y"":1},{""X"":16,""Y"":1},{""X"":16,""Y"":1},{""X"":20,""Y"":1},{""X"":26,""Y"":1},{""X"":26,""Y"":1},{""X"":3,""Y"":2},{""X"":3,""Y"":2},{""X"":6,""Y"":2},{""X"":6,""Y"":2},{""X"":8,""Y"":2},{""X"":10,""Y"":2},{""X"":19,""Y"":2},{""X"":26,""Y"":2},{""X"":39,""Y"":2},{""X"":5,""Y"":3},{""X"":19,""Y"":4},{""X"":20,""Y"":4},{""X"":19,""Y"":10},{""X"":23,""Y"":14}]","","","48359f47-aca8-4dc2-94a1-83136339defc"
"21295","21295","20","20","38","[{""X"":1,""Y"":1},{""X"":3,""Y"":1},{""X"":4,""Y"":1},{""X"":4,""Y"":1},{""X"":4,""Y"":1},{""X"":5,""Y"":1},{""X"":8,""Y"":1},{""X"":9,""Y"":1},{""X"":10,""Y"":1},{""X"":16,""Y"":1},{""X"":16,""Y"":1},{""X"":16,""Y"":1},{""X"":16,""Y"":1},{""X"":3,""Y"":2},{""X"":7,""Y"":3},{""X"":19,""Y"":3},{""X"":7,""Y"":4},{""X"":8,""Y"":7},{""X"":26,""Y"":8},{""X"":34,""Y"":8}]","","","5e278604-17f8-439e-a4da-394dd73d534b"
"21281","21281","20","35","38","[{""X"":1,""Y"":1},{""X"":2,""Y"":1},{""X"":6,""Y"":1},{""X"":7,""Y"":1},{""X"":9,""Y"":1},{""X"":15,""Y"":1},{""X"":24,""Y"":1},{""X"":7,""Y"":2},{""X"":9,""Y"":2},{""X"":10,""Y"":2},{""X"":18,""Y"":2},{""X"":20,""Y"":2},{""X"":21,""Y"":2},{""X"":24,""Y"":2},{""X"":34,""Y"":2},{""X"":21,""Y"":4},{""X"":13,""Y"":8},{""X"":24,""Y"":8},{""X"":24,""Y"":8},{""X"":24,""Y"":17}]","","","60d9889d-d075-4673-8270-53dbec8ea4ea"
"21267","21267","20","40","28","[{""X"":2,""Y"":1},{""X"":2,""Y"":1},{""X"":14,""Y"":1},{""X"":14,""Y"":1},{""X"":19,""Y"":1},{""X"":20,""Y"":1},{""X"":28,""Y"":1},{""X"":37,""Y"":1},{""X"":37,""Y"":1},{""X"":39,""Y"":1},{""X"":2,""Y"":2},{""X"":7,""Y"":2},{""X"":21,""Y"":2},{""X"":39,""Y"":2},{""X"":37,""Y"":3},{""X"":21,""Y"":4},{""X"":14,""Y"":5},{""X"":16,""Y"":6},{""X"":39,""Y"":6},{""X"":25,""Y"":7}]","","","084a7456-996e-4d80-9252-38b7396ffb66"
"21265","21265","20","13","23","[{""X"":1,""Y"":1},{""X"":1,""Y"":1},{""X"":2,""Y"":1},{""X"":2,""Y"":1},{""X"":3,""Y"":1},{""X"":5,""Y"":1},{""X"":5,""Y"":1},{""X"":6,""Y"":1},{""X"":6,""Y"":1},{""X"":8,""Y"":1},{""X"":10,""Y"":1},{""X"":12,""Y"":1},{""X"":19,""Y"":1},{""X"":4,""Y"":2},{""X"":6,""Y"":2},{""X"":7,""Y"":2},{""X"":12,""Y"":2},{""X"":15,""Y"":2},{""X"":4,""Y"":4},{""X"":23,""Y"":5}]","","","498ca918-b3b0-4d7b-aef1-6c51647b0fe9"
"21259","21259","20","38","39","[{""X"":1,""Y"":1},{""X"":2,""Y"":1},{""X"":2,""Y"":1},{""X"":3,""Y"":1},{""X"":6,""Y"":1},{""X"":10,""Y"":1},{""X"":24,""Y"":1},{""X"":25,""Y"":1},{""X"":25,""Y"":1},{""X"":39,""Y"":1},{""X"":2,""Y"":2},{""X"":11,""Y"":2},{""X"":11,""Y"":2},{""X"":13,""Y"":2},{""X"":4,""Y"":4},{""X"":6,""Y"":4},{""X"":9,""Y"":8},{""X"":10,""Y"":9},{""X"":16,""Y"":9},{""X"":37,""Y"":25}]","","","65bbc9f4-ba3d-4352-b7b1-558c07ec5b58"
"21249","21249","20","25","35","[{""X"":1,""Y"":1},{""X"":3,""Y"":1},{""X"":7,""Y"":1},{""X"":8,""Y"":1},{""X"":8,""Y"":1},{""X"":8,""Y"":1},{""X"":8,""Y"":1},{""X"":8,""Y"":1},{""X"":8,""Y"":2},{""X"":13,""Y"":2},{""X"":15,""Y"":2},{""X"":15,""Y"":2},{""X"":16,""Y"":2},{""X"":31,""Y"":3},{""X"":14,""Y"":4},{""X"":16,""Y"":4},{""X"":8,""Y"":6},{""X"":24,""Y"":7},{""X"":14,""Y"":9},{""X"":15,""Y"":9}]","","","dac356c0-c7dd-4c87-b568-5faaa4b4d00f"
"21221","21221","20","34","17","[{""X"":2,""Y"":1},{""X"":2,""Y"":1},{""X"":3,""Y"":1},{""X"":5,""Y"":1},{""X"":6,""Y"":1},{""X"":7,""Y"":1},{""X"":8,""Y"":1},{""X"":17,""Y"":1},{""X"":27,""Y"":1},{""X"":31,""Y"":1},{""X"":31,""Y"":1},{""X"":31,""Y"":1},{""X"":3,""Y"":2},{""X"":10,""Y"":2},{""X"":12,""Y"":2},{""X"":20,""Y"":2},{""X"":27,""Y"":2},{""X"":33,""Y"":2},{""X"":4,""Y"":3},{""X"":31,""Y"":6}]","","","a6498587-007c-46e7-a624-5c68fe1f582f"
"21209","21209","20","33","32","[{""X"":1,""Y"":1},{""X"":2,""Y"":1},{""X"":2,""Y"":1},{""X"":2,""Y"":1},{""X"":3,""Y"":1},{""X"":4,""Y"":1},{""X"":6,""Y"":1},{""X"":7,""Y"":1},{""X"":8,""Y"":1},{""X"":9,""Y"":1},{""X"":16,""Y"":1},{""X"":16,""Y"":1},{""X"":4,""Y"":2},{""X"":5,""Y"":2},{""X"":9,""Y"":2},{""X"":6,""Y"":5},{""X"":21,""Y"":6},{""X"":16,""Y"":7},{""X"":28,""Y"":11},{""X"":23,""Y"":16}]","","","8087b8d5-0dbf-43c9-97f4-38a0a1885c9c"
"21201","21201","20","15","17","[{""X"":1,""Y"":1},{""X"":1,""Y"":1},{""X"":1,""Y"":1},{""X"":1,""Y"":1},{""X"":1,""Y"":1},{""X"":2,""Y"":1},{""X"":2,""Y"":1},{""X"":2,""Y"":1},{""X"":3,""Y"":1},{""X"":3,""Y"":1},{""X"":3,""Y"":1},{""X"":4,""Y"":1},{""X"":4,""Y"":1},{""X"":4,""Y"":1},{""X"":3,""Y"":2},{""X"":3,""Y"":2},{""X"":4,""Y"":2},{""X"":17,""Y"":2},{""X"":4,""Y"":4},{""X"":17,""Y"":9}]","","","6e3e9b8e-9e49-47fd-a6f0-4f8972dd3f7d"
"21195","21195","20","27","40","[{""X"":2,""Y"":1},{""X"":2,""Y"":1},{""X"":3,""Y"":1},{""X"":7,""Y"":1},{""X"":8,""Y"":1},{""X"":9,""Y"":1},{""X"":9,""Y"":1},{""X"":9,""Y"":1},{""X"":11,""Y"":1},{""X"":5,""Y"":2},{""X"":11,""Y"":3},{""X"":6,""Y"":4},{""X"":9,""Y"":4},{""X"":16,""Y"":4},{""X"":6,""Y"":5},{""X"":7,""Y"":5},{""X"":40,""Y"":5},{""X"":6,""Y"":6},{""X"":16,""Y"":7},{""X"":40,""Y"":11}]","","","99f46a0b-fe87-4ee1-a70e-134f2cfd81f6"
"21189","21189","20","20","39","[{""X"":1,""Y"":1},{""X"":3,""Y"":1},{""X"":3,""Y"":1},{""X"":16,""Y"":1},{""X"":19,""Y"":1},{""X"":26,""Y"":1},{""X"":4,""Y"":2},{""X"":4,""Y"":2},{""X"":4,""Y"":2},{""X"":14,""Y"":2},{""X"":14,""Y"":2},{""X"":26,""Y"":2},{""X"":30,""Y"":2},{""X"":34,""Y"":2},{""X"":8,""Y"":3},{""X"":9,""Y"":3},{""X"":9,""Y"":3},{""X"":34,""Y"":3},{""X"":17,""Y"":4},{""X"":34,""Y"":6}]","","","8da11563-806f-4899-b0d6-235d9514fcc2"
"21169","21169","20","29","40","[{""X"":1,""Y"":1},{""X"":3,""Y"":1},{""X"":4,""Y"":1},{""X"":5,""Y"":1},{""X"":5,""Y"":1},{""X"":5,""Y"":1},{""X"":6,""Y"":1},{""X"":6,""Y"":1},{""X"":11,""Y"":1},{""X"":16,""Y"":1},{""X"":40,""Y"":1},{""X"":2,""Y"":2},{""X"":3,""Y"":2},{""X"":3,""Y"":2},{""X"":6,""Y"":3},{""X"":40,""Y"":4},{""X"":16,""Y"":7},{""X"":40,""Y"":8},{""X"":16,""Y"":13},{""X"":16,""Y"":14}]","","","b0b8ec02-0b9d-476a-b0ca-8ff150739bde"
"21163","21163","20","40","33","[{""X"":1,""Y"":1},{""X"":1,""Y"":1},{""X"":1,""Y"":1},{""X"":1,""Y"":1},{""X"":2,""Y"":1},{""X"":6,""Y"":1},{""X"":6,""Y"":1},{""X"":6,""Y"":1},{""X"":15,""Y"":1},{""X"":18,""Y"":1},{""X"":19,""Y"":1},{""X"":24,""Y"":1},{""X"":24,""Y"":1},{""X"":25,""Y"":1},{""X"":8,""Y"":2},{""X"":39,""Y"":2},{""X"":15,""Y"":7},{""X"":24,""Y"":11},{""X"":20,""Y"":15},{""X"":24,""Y"":17}]","","","d0d8ea66-1bdc-4240-a9ad-0cd99e7a396e"
"21140","21140","20","35","29","[{""X"":1,""Y"":1},{""X"":1,""Y"":1},{""X"":4,""Y"":1},{""X"":5,""Y"":1},{""X"":9,""Y"":1},{""X"":9,""Y"":1},{""X"":9,""Y"":1},{""X"":19,""Y"":1},{""X"":34,""Y"":1},{""X"":4,""Y"":2},{""X"":4,""Y"":2},{""X"":9,""Y"":2},{""X"":16,""Y"":2},{""X"":21,""Y"":2},{""X"":8,""Y"":3},{""X"":34,""Y"":3},{""X"":10,""Y"":4},{""X"":11,""Y"":4},{""X"":18,""Y"":8},{""X"":22,""Y"":21}]","","","8def8cb1-3576-403e-8593-eff11a897314"
"21138","21138","20","25","25","[{""X"":1,""Y"":1},{""X"":1,""Y"":1},{""X"":2,""Y"":1},{""X"":2,""Y"":1},{""X"":3,""Y"":1},{""X"":4,""Y"":1},{""X"":4,""Y"":1},{""X"":16,""Y"":1},{""X"":16,""Y"":1},{""X"":19,""Y"":1},{""X"":25,""Y"":1},{""X"":4,""Y"":2},{""X"":8,""Y"":2},{""X"":8,""Y"":2},{""X"":6,""Y"":3},{""X"":6,""Y"":3},{""X"":13,""Y"":4},{""X"":18,""Y"":5},{""X"":19,""Y"":6},{""X"":25,""Y"":8}]","","","aedffe21-780a-428e-926a-6aa8c8696aed"
"21130","21130","20","31","33","[{""X"":1,""Y"":1},{""X"":2,""Y"":1},{""X"":4,""Y"":1},{""X"":4,""Y"":1},{""X"":4,""Y"":1},{""X"":6,""Y"":1},{""X"":10,""Y"":1},{""X"":11,""Y"":1},{""X"":11,""Y"":1},{""X"":15,""Y"":1},{""X"":15,""Y"":1},{""X"":22,""Y"":1},{""X"":19,""Y"":2},{""X"":32,""Y"":2},{""X"":19,""Y"":3},{""X"":14,""Y"":5},{""X"":12,""Y"":6},{""X"":16,""Y"":6},{""X"":28,""Y"":8},{""X"":33,""Y"":9}]","","","ef728b05-9d97-4277-af52-ed4b9a4d464e"
"21122","21122","20","39","19","[{""X"":1,""Y"":1},{""X"":1,""Y"":1},{""X"":1,""Y"":1},{""X"":2,""Y"":1},{""X"":4,""Y"":1},{""X"":10,""Y"":1},{""X"":10,""Y"":1},{""X"":13,""Y"":1},{""X"":13,""Y"":1},{""X"":14,""Y"":1},{""X"":17,""Y"":1},{""X"":21,""Y"":1},{""X"":23,""Y"":1},{""X"":23,""Y"":1},{""X"":14,""Y"":2},{""X"":24,""Y"":2},{""X"":10,""Y"":3},{""X"":10,""Y"":3},{""X"":18,""Y"":4},{""X"":38,""Y"":10}]","","","4301d9fc-26ab-42a8-82c6-1cf9d74300df"
"21118","21118","20","32","39","[{""X"":1,""Y"":1},{""X"":6,""Y"":1},{""X"":8,""Y"":1},{""X"":16,""Y"":1},{""X"":16,""Y"":1},{""X"":16,""Y"":1},{""X"":16,""Y"":1},{""X"":16,""Y"":1},{""X"":17,""Y"":1},{""X"":24,""Y"":1},{""X"":5,""Y"":2},{""X"":11,""Y"":2},{""X"":24,""Y"":2},{""X"":24,""Y"":2},{""X"":39,""Y"":2},{""X"":24,""Y"":4},{""X"":24,""Y"":5},{""X"":16,""Y"":9},{""X"":18,""Y"":14},{""X"":21,""Y"":14}]","","","1b46074c-a32f-4d7c-9e36-b9f3277c1df1"
"21072","21072","20","40","33","[{""X"":1,""Y"":1},{""X"":3,""Y"":1},{""X"":3,""Y"":1},{""X"":4,""Y"":1},{""X"":14,""Y"":1},{""X"":14,""Y"":1},{""X"":15,""Y"":1},{""X"":15,""Y"":1},{""X"":15,""Y"":1},{""X"":25,""Y"":1},{""X"":19,""Y"":2},{""X"":8,""Y"":3},{""X"":9,""Y"":3},{""X"":9,""Y"":3},{""X"":14,""Y"":3},{""X"":25,""Y"":5},{""X"":15,""Y"":6},{""X"":16,""Y"":8},{""X"":24,""Y"":9},{""X"":26,""Y"":19}]","","","8b6b6971-118b-474b-9ecb-e4de4e73dc6e"
"21054","21054","20","37","13","[{""X"":1,""Y"":1},{""X"":1,""Y"":1},{""X"":1,""Y"":1},{""X"":1,""Y"":1},{""X"":6,""Y"":1},{""X"":9,""Y"":1},{""X"":11,""Y"":1},{""X"":11,""Y"":1},{""X"":20,""Y"":1},{""X"":20,""Y"":1},{""X"":20,""Y"":1},{""X"":24,""Y"":1},{""X"":34,""Y"":1},{""X"":34,""Y"":1},{""X"":3,""Y"":2},{""X"":4,""Y"":2},{""X"":20,""Y"":2},{""X"":5,""Y"":4},{""X"":11,""Y"":4},{""X"":34,""Y"":5}]","","","92cfe1d8-0845-4b8b-b87d-3764edbda324"
"21040","21040","20","33","40","[{""X"":1,""Y"":1},{""X"":1,""Y"":1},{""X"":6,""Y"":1},{""X"":10,""Y"":1},{""X"":15,""Y"":1},{""X"":17,""Y"":1},{""X"":17,""Y"":1},{""X"":20,""Y"":1},{""X"":30,""Y"":1},{""X"":33,""Y"":1},{""X"":38,""Y"":1},{""X"":39,""Y"":1},{""X"":9,""Y"":2},{""X"":17,""Y"":2},{""X"":39,""Y"":2},{""X"":17,""Y"":6},{""X"":30,""Y"":8},{""X"":9,""Y"":9},{""X"":30,""Y"":9},{""X"":30,""Y"":9}]","","","b89fb333-9098-4c35-9b85-bd6c22e2dcb1"
"21018","21018","20","12","30","[{""X"":1,""Y"":1},{""X"":1,""Y"":1},{""X"":2,""Y"":1},{""X"":2,""Y"":1},{""X"":3,""Y"":1},{""X"":4,""Y"":1},{""X"":7,""Y"":1},{""X"":7,""Y"":1},{""X"":7,""Y"":1},{""X"":10,""Y"":1},{""X"":14,""Y"":1},{""X"":16,""Y"":1},{""X"":2,""Y"":2},{""X"":3,""Y"":2},{""X"":3,""Y"":2},{""X"":6,""Y"":2},{""X"":8,""Y"":2},{""X"":30,""Y"":2},{""X"":8,""Y"":4},{""X"":30,""Y"":5}]","","","d89602f8-83a8-4774-bb4a-ff8a569d31b7"
"20994","20994","20","30","40","[{""X"":5,""Y"":1},{""X"":6,""Y"":1},{""X"":6,""Y"":1},{""X"":16,""Y"":1},{""X"":16,""Y"":1},{""X"":16,""Y"":1},{""X"":18,""Y"":1},{""X"":5,""Y"":2},{""X"":16,""Y"":2},{""X"":5,""Y"":3},{""X"":9,""Y"":3},{""X"":21,""Y"":3},{""X"":10,""Y"":4},{""X"":7,""Y"":5},{""X"":10,""Y"":5},{""X"":8,""Y"":6},{""X"":24,""Y"":6},{""X"":26,""Y"":6},{""X"":11,""Y"":7},{""X"":30,""Y"":14}]","","","a03cc4ce-ff25-4f77-80b5-7095a0848fb9"
"20976","20976","20","36","36","[{""X"":1,""Y"":1},{""X"":1,""Y"":1},{""X"":7,""Y"":1},{""X"":14,""Y"":1},{""X"":14,""Y"":1},{""X"":16,""Y"":1},{""X"":17,""Y"":1},{""X"":31,""Y"":1},{""X"":32,""Y"":1},{""X"":33,""Y"":1},{""X"":2,""Y"":2},{""X"":35,""Y"":2},{""X"":6,""Y"":4},{""X"":8,""Y"":6},{""X"":18,""Y"":6},{""X"":20,""Y"":6},{""X"":18,""Y"":8},{""X"":15,""Y"":9},{""X"":17,""Y"":9},{""X"":18,""Y"":18}]","","","2fdc2034-50f2-4951-8aea-6bdd39a25bf7"
"20974","20974","20","13","38","[{""X"":1,""Y"":1},{""X"":4,""Y"":1},{""X"":6,""Y"":1},{""X"":7,""Y"":1},{""X"":8,""Y"":1},{""X"":11,""Y"":1},{""X"":22,""Y"":1},{""X"":22,""Y"":1},{""X"":22,""Y"":1},{""X"":34,""Y"":1},{""X"":2,""Y"":2},{""X"":2,""Y"":2},{""X"":2,""Y"":2},{""X"":10,""Y"":2},{""X"":17,""Y"":2},{""X"":4,""Y"":3},{""X"":7,""Y"":3},{""X"":10,""Y"":3},{""X"":17,""Y"":6},{""X"":21,""Y"":6}]","","","ff55b26e-3a45-4370-9f32-3d80eaa5c223"
"20966","20966","20","31","27","[{""X"":3,""Y"":1},{""X"":7,""Y"":1},{""X"":7,""Y"":1},{""X"":13,""Y"":1},{""X"":15,""Y"":1},{""X"":15,""Y"":1},{""X"":15,""Y"":1},{""X"":16,""Y"":1},{""X"":16,""Y"":1},{""X"":22,""Y"":1},{""X"":22,""Y"":1},{""X"":5,""Y"":2},{""X"":5,""Y"":2},{""X"":15,""Y"":2},{""X"":16,""Y"":2},{""X"":7,""Y"":3},{""X"":5,""Y"":5},{""X"":6,""Y"":5},{""X"":22,""Y"":9},{""X"":22,""Y"":15}]","","","1e374767-0c6a-4056-88a6-7dcc708cfb7b"
"20935","20935","20","27","36","[{""X"":1,""Y"":1},{""X"":1,""Y"":1},{""X"":5,""Y"":1},{""X"":7,""Y"":1},{""X"":9,""Y"":1},{""X"":10,""Y"":1},{""X"":10,""Y"":1},{""X"":11,""Y"":1},{""X"":14,""Y"":1},{""X"":16,""Y"":1},{""X"":16,""Y"":1},{""X"":36,""Y"":1},{""X"":2,""Y"":2},{""X"":3,""Y"":2},{""X"":21,""Y"":2},{""X"":5,""Y"":3},{""X"":9,""Y"":3},{""X"":17,""Y"":3},{""X"":36,""Y"":8},{""X"":31,""Y"":13}]","","","18e1facf-f883-4da2-8f60-e80a152781aa"
"20907","20907","20","16","28","[{""X"":1,""Y"":1},{""X"":1,""Y"":1},{""X"":1,""Y"":1},{""X"":1,""Y"":1},{""X"":1,""Y"":1},{""X"":1,""Y"":1},{""X"":5,""Y"":1},{""X"":5,""Y"":1},{""X"":8,""Y"":1},{""X"":8,""Y"":1},{""X"":8,""Y"":1},{""X"":28,""Y"":1},{""X"":28,""Y"":1},{""X"":28,""Y"":1},{""X"":28,""Y"":1},{""X"":28,""Y"":1},{""X"":28,""Y"":1},{""X"":10,""Y"":5},{""X"":10,""Y"":5},{""X"":14,""Y"":10}]","","","77c7a854-9d8e-422c-8a22-38a694afc8cb"
"20849","20849","20","40","24","[{""X"":9,""Y"":1},{""X"":9,""Y"":1},{""X"":15,""Y"":1},{""X"":15,""Y"":1},{""X"":24,""Y"":1},{""X"":24,""Y"":1},{""X"":4,""Y"":2},{""X"":10,""Y"":2},{""X"":13,""Y"":2},{""X"":15,""Y"":2},{""X"":6,""Y"":3},{""X"":18,""Y"":3},{""X"":4,""Y"":4},{""X"":11,""Y"":4},{""X"":11,""Y"":4},{""X"":6,""Y"":5},{""X"":14,""Y"":6},{""X"":20,""Y"":6},{""X"":16,""Y"":10},{""X"":21,""Y"":10}]","","","f1705f87-f341-4cef-a1d6-084095dd3691"
"20845","20845","20","33","29","[{""X"":1,""Y"":1},{""X"":1,""Y"":1},{""X"":4,""Y"":1},{""X"":4,""Y"":1},{""X"":5,""Y"":1},{""X"":5,""Y"":1},{""X"":9,""Y"":1},{""X"":9,""Y"":1},{""X"":16,""Y"":1},{""X"":16,""Y"":1},{""X"":9,""Y"":2},{""X"":16,""Y"":2},{""X"":5,""Y"":4},{""X"":6,""Y"":4},{""X"":9,""Y"":4},{""X"":5,""Y"":5},{""X"":5,""Y"":5},{""X"":17,""Y"":6},{""X"":16,""Y"":7},{""X"":29,""Y"":17}]","","","d6478ee1-6afa-4ac8-b45b-aa6997ca0b4b"
"20837","20837","20","30","26","[{""X"":1,""Y"":1},{""X"":5,""Y"":1},{""X"":5,""Y"":1},{""X"":6,""Y"":1},{""X"":9,""Y"":1},{""X"":10,""Y"":1},{""X"":14,""Y"":1},{""X"":19,""Y"":1},{""X"":26,""Y"":1},{""X"":26,""Y"":1},{""X"":26,""Y"":1},{""X"":26,""Y"":1},{""X"":4,""Y"":2},{""X"":9,""Y"":2},{""X"":10,""Y"":2},{""X"":14,""Y"":2},{""X"":12,""Y"":3},{""X"":14,""Y"":3},{""X"":26,""Y"":8},{""X"":19,""Y"":13}]","","","a9c2960e-d58a-4340-aac5-2d713134e63a"
"20833","20833","20","22","33","[{""X"":1,""Y"":1},{""X"":1,""Y"":1},{""X"":1,""Y"":1},{""X"":2,""Y"":1},{""X"":2,""Y"":1},{""X"":3,""Y"":1},{""X"":4,""Y"":1},{""X"":4,""Y"":1},{""X"":4,""Y"":1},{""X"":5,""Y"":1},{""X"":5,""Y"":1},{""X"":6,""Y"":1},{""X"":2,""Y"":2},{""X"":5,""Y"":2},{""X"":4,""Y"":3},{""X"":6,""Y"":3},{""X"":27,""Y"":3},{""X"":5,""Y"":4},{""X"":19,""Y"":6},{""X"":33,""Y"":13}]","","","2cc08e19-2e2f-4bce-81c2-7933242364f6"
"20815","20815","20","21","29","[{""X"":1,""Y"":1},{""X"":1,""Y"":1},{""X"":1,""Y"":1},{""X"":3,""Y"":1},{""X"":4,""Y"":1},{""X"":4,""Y"":1},{""X"":5,""Y"":1},{""X"":5,""Y"":1},{""X"":7,""Y"":1},{""X"":8,""Y"":1},{""X"":8,""Y"":1},{""X"":9,""Y"":1},{""X"":10,""Y"":1},{""X"":14,""Y"":1},{""X"":4,""Y"":2},{""X"":16,""Y"":2},{""X"":5,""Y"":4},{""X"":17,""Y"":5},{""X"":24,""Y"":7},{""X"":24,""Y"":9}]","","","00b75983-47c9-4106-bb14-cd81fdfb54e2"
"20753","20753","20","17","33","[{""X"":1,""Y"":1},{""X"":1,""Y"":1},{""X"":1,""Y"":1},{""X"":1,""Y"":1},{""X"":1,""Y"":1},{""X"":1,""Y"":1},{""X"":1,""Y"":1},{""X"":1,""Y"":1},{""X"":1,""Y"":1},{""X"":1,""Y"":1},{""X"":1,""Y"":1},{""X"":3,""Y"":1},{""X"":15,""Y"":1},{""X"":16,""Y"":1},{""X"":20,""Y"":1},{""X"":16,""Y"":2},{""X"":16,""Y"":3},{""X"":16,""Y"":5},{""X"":16,""Y"":8},{""X"":16,""Y"":13}]","","","1a9d1280-49d3-488d-b380-11a8d3e139d0"
"20321","20321","20","31","11","[{""X"":2,""Y"":1},{""X"":4,""Y"":1},{""X"":5,""Y"":1},{""X"":5,""Y"":1},{""X"":6,""Y"":1},{""X"":10,""Y"":1},{""X"":10,""Y"":1},{""X"":10,""Y"":1},{""X"":10,""Y"":1},{""X"":10,""Y"":1},{""X"":15,""Y"":1},{""X"":4,""Y"":2},{""X"":16,""Y"":2},{""X"":4,""Y"":3},{""X"":6,""Y"":3},{""X"":4,""Y"":4},{""X"":8,""Y"":4},{""X"":16,""Y"":4},{""X"":6,""Y"":6},{""X"":6,""Y"":6}]","","","05b1e77a-7218-4d39-90a0-3cc8630c5cc5"
"18526","18526","20","36","37","[{""X"":1,""Y"":1},{""X"":2,""Y"":1},{""X"":2,""Y"":1},{""X"":2,""Y"":1},{""X"":2,""Y"":1},{""X"":3,""Y"":1},{""X"":4,""Y"":1},{""X"":4,""Y"":1},{""X"":4,""Y"":1},{""X"":9,""Y"":1},{""X"":13,""Y"":1},{""X"":13,""Y"":1},{""X"":15,""Y"":1},{""X"":13,""Y"":3},{""X"":8,""Y"":4},{""X"":8,""Y"":4},{""X"":24,""Y"":4},{""X"":24,""Y"":6},{""X"":11,""Y"":10},{""X"":35,""Y"":23}]","","","d2c79061-12fd-4ad7-9e5e-7d270f444983"
"18352","18352","20","38","22","[{""X"":2,""Y"":1},{""X"":10,""Y"":1},{""X"":12,""Y"":1},{""X"":18,""Y"":1},{""X"":19,""Y"":1},{""X"":24,""Y"":1},{""X"":24,""Y"":1},{""X"":37,""Y"":1},{""X"":37,""Y"":1},{""X"":37,""Y"":1},{""X"":3,""Y"":2},{""X"":4,""Y"":2},{""X"":5,""Y"":2},{""X"":6,""Y"":2},{""X"":8,""Y"":2},{""X"":14,""Y"":2},{""X"":14,""Y"":2},{""X"":37,""Y"":2},{""X"":14,""Y"":4},{""X"":27,""Y"":14}]","","","a5e7657a-579d-41ac-a66f-66ca82f3469c"
"18262","18262","20","10","32","[{""X"":1,""Y"":1},{""X"":1,""Y"":1},{""X"":1,""Y"":1},{""X"":1,""Y"":1},{""X"":2,""Y"":1},{""X"":2,""Y"":1},{""X"":3,""Y"":1},{""X"":4,""Y"":1},{""X"":4,""Y"":1},{""X"":4,""Y"":1},{""X"":4,""Y"":1},{""X"":6,""Y"":1},{""X"":8,""Y"":1},{""X"":17,""Y"":1},{""X"":22,""Y"":1},{""X"":22,""Y"":1},{""X"":4,""Y"":2},{""X"":18,""Y"":3},{""X"":7,""Y"":4},{""X"":32,""Y"":4}]","","","df364d57-fb2d-4b4a-a0ef-47870caae258"
"18192","18192","20","12","37","[{""X"":1,""Y"":1},{""X"":1,""Y"":1},{""X"":2,""Y"":1},{""X"":3,""Y"":1},{""X"":3,""Y"":1},{""X"":3,""Y"":1},{""X"":4,""Y"":1},{""X"":4,""Y"":1},{""X"":6,""Y"":1},{""X"":6,""Y"":1},{""X"":14,""Y"":1},{""X"":14,""Y"":1},{""X"":33,""Y"":1},{""X"":3,""Y"":2},{""X"":13,""Y"":2},{""X"":37,""Y"":2},{""X"":37,""Y"":2},{""X"":37,""Y"":2},{""X"":6,""Y"":3},{""X"":26,""Y"":3}]","","","cf1a862a-e053-491c-9033-f7e15544e93a"
"18082","18082","20","30","40","[{""X"":1,""Y"":1},{""X"":1,""Y"":1},{""X"":2,""Y"":1},{""X"":2,""Y"":1},{""X"":3,""Y"":1},{""X"":7,""Y"":1},{""X"":9,""Y"":1},{""X"":13,""Y"":1},{""X"":16,""Y"":1},{""X"":16,""Y"":1},{""X"":3,""Y"":2},{""X"":10,""Y"":2},{""X"":13,""Y"":2},{""X"":30,""Y"":6},{""X"":9,""Y"":7},{""X"":14,""Y"":7},{""X"":26,""Y"":7},{""X"":10,""Y"":8},{""X"":20,""Y"":8},{""X"":35,""Y"":9}]","","","6735b367-ce31-4e4b-802e-42c26f3110bc"
"18052","18052","20","33","15","[{""X"":1,""Y"":1},{""X"":1,""Y"":1},{""X"":1,""Y"":1},{""X"":3,""Y"":1},{""X"":3,""Y"":1},{""X"":9,""Y"":1},{""X"":10,""Y"":1},{""X"":10,""Y"":1},{""X"":15,""Y"":1},{""X"":16,""Y"":1},{""X"":17,""Y"":1},{""X"":9,""Y"":2},{""X"":9,""Y"":2},{""X"":17,""Y"":2},{""X"":17,""Y"":2},{""X"":7,""Y"":3},{""X"":8,""Y"":3},{""X"":9,""Y"":3},{""X"":9,""Y"":7},{""X"":17,""Y"":10}]","","","4d1c76c4-9bbc-40d1-a1c8-46c394a8b029"
"18022","18022","20","36","33","[{""X"":1,""Y"":1},{""X"":2,""Y"":1},{""X"":3,""Y"":1},{""X"":3,""Y"":1},{""X"":7,""Y"":1},{""X"":9,""Y"":1},{""X"":16,""Y"":1},{""X"":33,""Y"":1},{""X"":35,""Y"":1},{""X"":35,""Y"":1},{""X"":4,""Y"":2},{""X"":5,""Y"":2},{""X"":11,""Y"":2},{""X"":10,""Y"":4},{""X"":25,""Y"":4},{""X"":11,""Y"":6},{""X"":35,""Y"":6},{""X"":24,""Y"":8},{""X"":12,""Y"":10},{""X"":23,""Y"":12}]","","","8b2ab0d4-5917-41b5-8d10-08eac2e4ab90"
"17952","17952","20","36","37","[{""X"":1,""Y"":1},{""X"":1,""Y"":1},{""X"":2,""Y"":1},{""X"":2,""Y"":1},{""X"":3,""Y"":1},{""X"":10,""Y"":1},{""X"":22,""Y"":1},{""X"":37,""Y"":1},{""X"":5,""Y"":2},{""X"":7,""Y"":2},{""X"":17,""Y"":2},{""X"":18,""Y"":2},{""X"":20,""Y"":2},{""X"":37,""Y"":2},{""X"":18,""Y"":4},{""X"":36,""Y"":4},{""X"":16,""Y"":5},{""X"":7,""Y"":6},{""X"":30,""Y"":8},{""X"":26,""Y"":18}]","","","759cbd83-80db-4643-9a3e-a2865de96b68"
"17682","17682","20","11","31","[{""X"":1,""Y"":1},{""X"":1,""Y"":1},{""X"":1,""Y"":1},{""X"":1,""Y"":1},{""X"":1,""Y"":1},{""X"":2,""Y"":1},{""X"":3,""Y"":1},{""X"":3,""Y"":1},{""X"":4,""Y"":1},{""X"":5,""Y"":1},{""X"":8,""Y"":1},{""X"":11,""Y"":1},{""X"":14,""Y"":1},{""X"":17,""Y"":1},{""X"":21,""Y"":1},{""X"":31,""Y"":1},{""X"":3,""Y"":2},{""X"":8,""Y"":2},{""X"":20,""Y"":2},{""X"":31,""Y"":5}]","","","69801ebd-8d43-4bfc-aa76-7dbd72a21221"
"17672","17672","20","33","40","[{""X"":1,""Y"":1},{""X"":2,""Y"":1},{""X"":2,""Y"":1},{""X"":4,""Y"":1},{""X"":4,""Y"":1},{""X"":7,""Y"":1},{""X"":8,""Y"":1},{""X"":8,""Y"":1},{""X"":11,""Y"":1},{""X"":16,""Y"":1},{""X"":16,""Y"":1},{""X"":28,""Y"":1},{""X"":2,""Y"":2},{""X"":14,""Y"":2},{""X"":8,""Y"":4},{""X"":28,""Y"":5},{""X"":40,""Y"":5},{""X"":7,""Y"":7},{""X"":28,""Y"":10},{""X"":40,""Y"":12}]","","","1574fc4c-0cfe-4c57-9ab4-a903338b9a6c"
"17652","17652","20","26","33","[{""X"":2,""Y"":1},{""X"":4,""Y"":1},{""X"":8,""Y"":1},{""X"":16,""Y"":1},{""X"":16,""Y"":1},{""X"":32,""Y"":1},{""X"":5,""Y"":2},{""X"":5,""Y"":2},{""X"":6,""Y"":2},{""X"":6,""Y"":2},{""X"":8,""Y"":2},{""X"":8,""Y"":2},{""X"":20,""Y"":2},{""X"":6,""Y"":4},{""X"":10,""Y"":4},{""X"":19,""Y"":4},{""X"":6,""Y"":6},{""X"":6,""Y"":6},{""X"":32,""Y"":7},{""X"":19,""Y"":12}]","","","59d3bbe4-f711-474a-8d58-e395f44ed55b"
"17452","17452","20","23","39","[{""X"":4,""Y"":1},{""X"":4,""Y"":1},{""X"":7,""Y"":1},{""X"":13,""Y"":1},{""X"":13,""Y"":1},{""X"":16,""Y"":1},{""X"":16,""Y"":1},{""X"":29,""Y"":1},{""X"":3,""Y"":2},{""X"":6,""Y"":2},{""X"":4,""Y"":3},{""X"":7,""Y"":3},{""X"":25,""Y"":3},{""X"":29,""Y"":3},{""X"":22,""Y"":5},{""X"":7,""Y"":6},{""X"":9,""Y"":7},{""X"":9,""Y"":7},{""X"":8,""Y"":8},{""X"":16,""Y"":15}]","","","8538daa5-c577-4876-b2fb-b4b1f69c4c2f"
"17412","17412","20","17","33","[{""X"":1,""Y"":1},{""X"":1,""Y"":1},{""X"":1,""Y"":1},{""X"":2,""Y"":1},{""X"":2,""Y"":1},{""X"":2,""Y"":1},{""X"":2,""Y"":1},{""X"":2,""Y"":1},{""X"":2,""Y"":1},{""X"":2,""Y"":1},{""X"":4,""Y"":1},{""X"":6,""Y"":1},{""X"":11,""Y"":1},{""X"":11,""Y"":1},{""X"":16,""Y"":1},{""X"":26,""Y"":1},{""X"":11,""Y"":2},{""X"":28,""Y"":3},{""X"":28,""Y"":5},{""X"":28,""Y"":8}]","","","838e2c0c-4fd5-4ac3-a15d-bc09c09616f0"
"17312","17312","20","35","38","[{""X"":8,""Y"":1},{""X"":8,""Y"":1},{""X"":9,""Y"":1},{""X"":20,""Y"":1},{""X"":24,""Y"":1},{""X"":24,""Y"":1},{""X"":29,""Y"":1},{""X"":34,""Y"":1},{""X"":4,""Y"":2},{""X"":16,""Y"":2},{""X"":20,""Y"":3},{""X"":34,""Y"":3},{""X"":4,""Y"":4},{""X"":5,""Y"":4},{""X"":6,""Y"":4},{""X"":6,""Y"":4},{""X"":21,""Y"":4},{""X"":6,""Y"":6},{""X"":24,""Y"":9},{""X"":24,""Y"":23}]","","","7bed34c5-d6fb-48d2-9953-6f81e507059c"
"17282","17282","20","18","20","[{""X"":1,""Y"":1},{""X"":1,""Y"":1},{""X"":1,""Y"":1},{""X"":1,""Y"":1},{""X"":1,""Y"":1},{""X"":1,""Y"":1},{""X"":1,""Y"":1},{""X"":1,""Y"":1},{""X"":3,""Y"":1},{""X"":3,""Y"":1},{""X"":3,""Y"":1},{""X"":3,""Y"":1},{""X"":4,""Y"":1},{""X"":4,""Y"":1},{""X"":4,""Y"":1},{""X"":8,""Y"":1},{""X"":8,""Y"":2},{""X"":16,""Y"":6},{""X"":16,""Y"":6},{""X"":14,""Y"":8}]","","","722b84fc-f41c-461d-8578-a93c88992139"
"17242","17242","20","15","35","[{""X"":1,""Y"":1},{""X"":3,""Y"":1},{""X"":4,""Y"":1},{""X"":5,""Y"":1},{""X"":5,""Y"":1},{""X"":14,""Y"":1},{""X"":16,""Y"":1},{""X"":19,""Y"":1},{""X"":21,""Y"":1},{""X"":35,""Y"":1},{""X"":3,""Y"":2},{""X"":10,""Y"":2},{""X"":25,""Y"":2},{""X"":35,""Y"":2},{""X"":4,""Y"":3},{""X"":4,""Y"":3},{""X"":5,""Y"":3},{""X"":9,""Y"":3},{""X"":35,""Y"":4},{""X"":10,""Y"":5}]","","","7167d61d-9e38-49b3-90d3-8a15dde9f0b1"
"17232","17232","20","31","26","[{""X"":1,""Y"":1},{""X"":1,""Y"":1},{""X"":2,""Y"":1},{""X"":2,""Y"":1},{""X"":4,""Y"":1},{""X"":4,""Y"":1},{""X"":4,""Y"":1},{""X"":7,""Y"":1},{""X"":8,""Y"":1},{""X"":11,""Y"":1},{""X"":15,""Y"":1},{""X"":16,""Y"":1},{""X"":16,""Y"":1},{""X"":16,""Y"":1},{""X"":2,""Y"":2},{""X"":11,""Y"":3},{""X"":10,""Y"":6},{""X"":10,""Y"":9},{""X"":16,""Y"":15},{""X"":17,""Y"":16}]","","","cd7324b9-a616-4081-a6b3-db9bfdff2fa4"
"16587","16587","20","10","22","[{""X"":1,""Y"":1},{""X"":1,""Y"":1},{""X"":1,""Y"":1},{""X"":1,""Y"":1},{""X"":1,""Y"":1},{""X"":1,""Y"":1},{""X"":2,""Y"":1},{""X"":3,""Y"":1},{""X"":4,""Y"":1},{""X"":5,""Y"":1},{""X"":6,""Y"":1},{""X"":6,""Y"":1},{""X"":7,""Y"":1},{""X"":8,""Y"":1},{""X"":8,""Y"":1},{""X"":9,""Y"":1},{""X"":10,""Y"":1},{""X"":17,""Y"":1},{""X"":19,""Y"":1},{""X"":22,""Y"":5}]","","","dc97cc58-dad7-46fc-8971-d2362f9c857a"
"16557","16557","20","30","26","[{""X"":1,""Y"":1},{""X"":2,""Y"":1},{""X"":3,""Y"":1},{""X"":3,""Y"":1},{""X"":4,""Y"":1},{""X"":6,""Y"":1},{""X"":7,""Y"":1},{""X"":8,""Y"":1},{""X"":8,""Y"":1},{""X"":9,""Y"":1},{""X"":10,""Y"":1},{""X"":13,""Y"":1},{""X"":16,""Y"":1},{""X"":16,""Y"":1},{""X"":16,""Y"":1},{""X"":16,""Y"":1},{""X"":19,""Y"":3},{""X"":26,""Y"":6},{""X"":26,""Y"":7},{""X"":19,""Y"":13}]","","","6197982b-c009-431c-a941-7d23dca13af6"
"16358","16358","20","16","40","[{""X"":1,""Y"":1},{""X"":1,""Y"":1},{""X"":1,""Y"":1},{""X"":2,""Y"":1},{""X"":2,""Y"":1},{""X"":3,""Y"":1},{""X"":4,""Y"":1},{""X"":4,""Y"":1},{""X"":8,""Y"":1},{""X"":8,""Y"":1},{""X"":8,""Y"":1},{""X"":16,""Y"":1},{""X"":20,""Y"":1},{""X"":36,""Y"":1},{""X"":36,""Y"":1},{""X"":36,""Y"":1},{""X"":40,""Y"":1},{""X"":40,""Y"":1},{""X"":2,""Y"":2},{""X"":37,""Y"":10}]","","","9cc6d2c6-dd3c-40f6-a167-7c13cd18805a"
"16198","16198","20","20","22","[{""X"":1,""Y"":1},{""X"":2,""Y"":1},{""X"":3,""Y"":1},{""X"":3,""Y"":1},{""X"":3,""Y"":1},{""X"":4,""Y"":1},{""X"":4,""Y"":1},{""X"":4,""Y"":1},{""X"":7,""Y"":1},{""X"":7,""Y"":1},{""X"":2,""Y"":2},{""X"":2,""Y"":2},{""X"":7,""Y"":2},{""X"":22,""Y"":2},{""X"":4,""Y"":3},{""X"":4,""Y"":4},{""X"":15,""Y"":4},{""X"":15,""Y"":5},{""X"":22,""Y"":5},{""X"":9,""Y"":7}]","","","f13d6272-6be7-4379-9638-6ca658657c91"
"16188","16188","20","39","16","[{""X"":4,""Y"":1},{""X"":4,""Y"":1},{""X"":4,""Y"":1},{""X"":8,""Y"":1},{""X"":9,""Y"":1},{""X"":9,""Y"":1},{""X"":10,""Y"":1},{""X"":11,""Y"":1},{""X"":11,""Y"":1},{""X"":14,""Y"":1},{""X"":14,""Y"":1},{""X"":25,""Y"":2},{""X"":25,""Y"":2},{""X"":25,""Y"":2},{""X"":24,""Y"":3},{""X"":25,""Y"":3},{""X"":5,""Y"":4},{""X"":8,""Y"":4},{""X"":25,""Y"":4},{""X"":11,""Y"":7}]","","","9bd68225-08f8-4d64-bed9-c81bb29043e9"
"16118","16118","20","11","39","[{""X"":1,""Y"":1},{""X"":2,""Y"":1},{""X"":2,""Y"":1},{""X"":2,""Y"":1},{""X"":3,""Y"":1},{""X"":4,""Y"":1},{""X"":4,""Y"":1},{""X"":4,""Y"":1},{""X"":4,""Y"":1},{""X"":6,""Y"":1},{""X"":7,""Y"":1},{""X"":7,""Y"":1},{""X"":8,""Y"":1},{""X"":10,""Y"":1},{""X"":14,""Y"":1},{""X"":17,""Y"":1},{""X"":22,""Y"":1},{""X"":39,""Y"":1},{""X"":39,""Y"":3},{""X"":39,""Y"":4}]","","","cb83e9f5-c335-4d58-a9c4-c495fd9f5bfb"
"16058","16058","20","24","35","[{""X"":1,""Y"":1},{""X"":1,""Y"":1},{""X"":2,""Y"":1},{""X"":3,""Y"":1},{""X"":6,""Y"":1},{""X"":8,""Y"":1},{""X"":9,""Y"":1},{""X"":16,""Y"":1},{""X"":16,""Y"":1},{""X"":16,""Y"":1},{""X"":18,""Y"":1},{""X"":18,""Y"":2},{""X"":6,""Y"":3},{""X"":4,""Y"":4},{""X"":6,""Y"":4},{""X"":11,""Y"":4},{""X"":18,""Y"":4},{""X"":10,""Y"":7},{""X"":16,""Y"":7},{""X"":22,""Y"":16}]","","","06e45f87-5cef-4454-8afa-ff62be3c5af0"
"16028","16028","20","37","28","[{""X"":2,""Y"":1},{""X"":2,""Y"":1},{""X"":10,""Y"":1},{""X"":12,""Y"":1},{""X"":12,""Y"":1},{""X"":16,""Y"":1},{""X"":24,""Y"":1},{""X"":24,""Y"":1},{""X"":24,""Y"":1},{""X"":11,""Y"":2},{""X"":23,""Y"":2},{""X"":25,""Y"":2},{""X"":5,""Y"":3},{""X"":13,""Y"":4},{""X"":20,""Y"":4},{""X"":7,""Y"":5},{""X"":14,""Y"":5},{""X"":24,""Y"":5},{""X"":20,""Y"":9},{""X"":24,""Y"":10}]","","","3ae42c1e-627a-46ed-a516-2945d1a4d879"
"16008","16008","20","29","20","[{""X"":2,""Y"":1},{""X"":2,""Y"":1},{""X"":2,""Y"":1},{""X"":3,""Y"":1},{""X"":4,""Y"":1},{""X"":5,""Y"":1},{""X"":7,""Y"":1},{""X"":9,""Y"":1},{""X"":13,""Y"":1},{""X"":13,""Y"":1},{""X"":13,""Y"":1},{""X"":13,""Y"":1},{""X"":4,""Y"":2},{""X"":13,""Y"":2},{""X"":13,""Y"":3},{""X"":13,""Y"":3},{""X"":19,""Y"":4},{""X"":19,""Y"":4},{""X"":13,""Y"":6},{""X"":19,""Y"":8}]","","","8961b6ca-2db4-4168-b963-98e30ca7f937"
"15998","15998","20","33","14","[{""X"":1,""Y"":1},{""X"":2,""Y"":1},{""X"":3,""Y"":1},{""X"":4,""Y"":1},{""X"":4,""Y"":1},{""X"":9,""Y"":1},{""X"":9,""Y"":1},{""X"":10,""Y"":1},{""X"":10,""Y"":1},{""X"":16,""Y"":1},{""X"":16,""Y"":1},{""X"":16,""Y"":1},{""X"":16,""Y"":1},{""X"":17,""Y"":1},{""X"":9,""Y"":2},{""X"":16,""Y"":3},{""X"":11,""Y"":4},{""X"":17,""Y"":4},{""X"":17,""Y"":5},{""X"":11,""Y"":6}]","","","d1f7bab3-24fd-4bfd-aa21-4d9be15051e4"
"15988","15988","20","35","15","[{""X"":1,""Y"":1},{""X"":1,""Y"":1},{""X"":2,""Y"":1},{""X"":2,""Y"":1},{""X"":4,""Y"":1},{""X"":4,""Y"":1},{""X"":10,""Y"":1},{""X"":10,""Y"":1},{""X"":10,""Y"":1},{""X"":15,""Y"":1},{""X"":18,""Y"":1},{""X"":20,""Y"":1},{""X"":32,""Y"":1},{""X"":24,""Y"":2},{""X"":34,""Y"":2},{""X"":10,""Y"":3},{""X"":18,""Y"":3},{""X"":7,""Y"":4},{""X"":8,""Y"":4},{""X"":34,""Y"":4}]","","","382c873c-bb4a-4a6f-a8fa-097d03932223"
"15928","15928","20","11","33","[{""X"":1,""Y"":1},{""X"":1,""Y"":1},{""X"":2,""Y"":1},{""X"":2,""Y"":1},{""X"":2,""Y"":1},{""X"":2,""Y"":1},{""X"":3,""Y"":1},{""X"":3,""Y"":1},{""X"":3,""Y"":1},{""X"":5,""Y"":1},{""X"":5,""Y"":1},{""X"":9,""Y"":1},{""X"":10,""Y"":1},{""X"":33,""Y"":1},{""X"":33,""Y"":1},{""X"":2,""Y"":2},{""X"":4,""Y"":2},{""X"":10,""Y"":3},{""X"":33,""Y"":4},{""X"":15,""Y"":5}]","","","b8d8140a-4006-4569-9eae-0acf011c5d2e"
"15818","15818","20","22","40","[{""X"":8,""Y"":1},{""X"":8,""Y"":1},{""X"":11,""Y"":1},{""X"":11,""Y"":1},{""X"":15,""Y"":1},{""X"":15,""Y"":1},{""X"":16,""Y"":1},{""X"":5,""Y"":2},{""X"":5,""Y"":2},{""X"":8,""Y"":2},{""X"":15,""Y"":2},{""X"":15,""Y"":2},{""X"":35,""Y"":2},{""X"":35,""Y"":2},{""X"":6,""Y"":3},{""X"":35,""Y"":3},{""X"":5,""Y"":4},{""X"":7,""Y"":6},{""X"":10,""Y"":6},{""X"":35,""Y"":9}]","","","6ef115d5-3a3c-40b6-ba97-9b7f5e2a0963"
"15768","15768","20","21","23","[{""X"":1,""Y"":1},{""X"":1,""Y"":1},{""X"":1,""Y"":1},{""X"":1,""Y"":1},{""X"":1,""Y"":1},{""X"":1,""Y"":1},{""X"":2,""Y"":1},{""X"":2,""Y"":1},{""X"":2,""Y"":1},{""X"":2,""Y"":1},{""X"":3,""Y"":1},{""X"":3,""Y"":1},{""X"":5,""Y"":1},{""X"":16,""Y"":1},{""X"":18,""Y"":1},{""X"":4,""Y"":2},{""X"":16,""Y"":4},{""X"":16,""Y"":4},{""X"":16,""Y"":6},{""X"":16,""Y"":12}]","","","3caa90ba-5423-4437-825d-240834b5ec41"
"15738","15738","20","12","39","[{""X"":1,""Y"":1},{""X"":1,""Y"":1},{""X"":1,""Y"":1},{""X"":2,""Y"":1},{""X"":2,""Y"":1},{""X"":2,""Y"":1},{""X"":4,""Y"":1},{""X"":4,""Y"":1},{""X"":4,""Y"":1},{""X"":4,""Y"":1},{""X"":26,""Y"":1},{""X"":29,""Y"":1},{""X"":29,""Y"":1},{""X"":29,""Y"":1},{""X"":29,""Y"":1},{""X"":35,""Y"":1},{""X"":4,""Y"":3},{""X"":5,""Y"":4},{""X"":15,""Y"":6},{""X"":24,""Y"":6}]","","","a239c0fd-3eef-443f-91d2-3d6ca8878387"
"15638","15638","20","31","38","[{""X"":1,""Y"":1},{""X"":4,""Y"":1},{""X"":4,""Y"":1},{""X"":5,""Y"":1},{""X"":9,""Y"":1},{""X"":15,""Y"":1},{""X"":15,""Y"":1},{""X"":15,""Y"":1},{""X"":4,""Y"":2},{""X"":5,""Y"":2},{""X"":7,""Y"":2},{""X"":7,""Y"":2},{""X"":10,""Y"":2},{""X"":4,""Y"":3},{""X"":11,""Y"":3},{""X"":4,""Y"":4},{""X"":15,""Y"":5},{""X"":15,""Y"":6},{""X"":15,""Y"":14},{""X"":38,""Y"":16}]","","","ab7bed64-b601-4634-91b6-58938b9e8cc9"
"15628","15628","20","10","35","[{""X"":3,""Y"":1},{""X"":4,""Y"":1},{""X"":4,""Y"":1},{""X"":4,""Y"":1},{""X"":4,""Y"":1},{""X"":4,""Y"":1},{""X"":9,""Y"":1},{""X"":9,""Y"":1},{""X"":28,""Y"":1},{""X"":35,""Y"":1},{""X"":35,""Y"":1},{""X"":35,""Y"":1},{""X"":3,""Y"":2},{""X"":4,""Y"":2},{""X"":6,""Y"":2},{""X"":7,""Y"":2},{""X"":15,""Y"":2},{""X"":21,""Y"":2},{""X"":7,""Y"":4},{""X"":9,""Y"":4}]","","","0ad2f4b3-319c-47f8-9343-a82eb70f36ea"
"15488","15488","20","39","14","[{""X"":1,""Y"":1},{""X"":1,""Y"":1},{""X"":2,""Y"":1},{""X"":2,""Y"":1},{""X"":8,""Y"":1},{""X"":9,""Y"":1},{""X"":13,""Y"":1},{""X"":13,""Y"":1},{""X"":13,""Y"":1},{""X"":13,""Y"":1},{""X"":13,""Y"":1},{""X"":17,""Y"":1},{""X"":21,""Y"":1},{""X"":21,""Y"":1},{""X"":24,""Y"":1},{""X"":25,""Y"":1},{""X"":2,""Y"":2},{""X"":2,""Y"":2},{""X"":38,""Y"":4},{""X"":38,""Y"":5}]","","","847dadb0-5ccc-4c16-b3b8-b1c7c5f2e965"
"15358","15358","20","20","39","[{""X"":1,""Y"":1},{""X"":4,""Y"":1},{""X"":5,""Y"":1},{""X"":5,""Y"":1},{""X"":7,""Y"":1},{""X"":9,""Y"":1},{""X"":11,""Y"":1},{""X"":16,""Y"":1},{""X"":16,""Y"":1},{""X"":16,""Y"":1},{""X"":16,""Y"":1},{""X"":16,""Y"":1},{""X"":29,""Y"":1},{""X"":7,""Y"":2},{""X"":9,""Y"":3},{""X"":39,""Y"":3},{""X"":15,""Y"":4},{""X"":16,""Y"":4},{""X"":21,""Y"":5},{""X"":22,""Y"":11}]","","","212c3e49-b7a8-4f72-816f-e623e3c6ef3e"
"15338","15338","20","34","16","[{""X"":1,""Y"":1},{""X"":1,""Y"":1},{""X"":1,""Y"":1},{""X"":1,""Y"":1},{""X"":1,""Y"":1},{""X"":4,""Y"":1},{""X"":13,""Y"":1},{""X"":16,""Y"":1},{""X"":20,""Y"":1},{""X"":28,""Y"":1},{""X"":28,""Y"":1},{""X"":33,""Y"":1},{""X"":2,""Y"":2},{""X"":4,""Y"":2},{""X"":10,""Y"":2},{""X"":12,""Y"":2},{""X"":31,""Y"":2},{""X"":33,""Y"":2},{""X"":5,""Y"":3},{""X"":33,""Y"":6}]","","","29e54c59-bc25-4e6c-8cf1-3c3ba0a51c50"
"15178","15178","20","38","18","[{""X"":1,""Y"":1},{""X"":1,""Y"":1},{""X"":1,""Y"":1},{""X"":1,""Y"":1},{""X"":2,""Y"":1},{""X"":4,""Y"":1},{""X"":5,""Y"":1},{""X"":6,""Y"":1},{""X"":6,""Y"":1},{""X"":13,""Y"":1},{""X"":13,""Y"":1},{""X"":24,""Y"":1},{""X"":24,""Y"":1},{""X"":30,""Y"":1},{""X"":35,""Y"":1},{""X"":37,""Y"":1},{""X"":4,""Y"":2},{""X"":33,""Y"":2},{""X"":37,""Y"":4},{""X"":37,""Y"":7}]","","","7d8f1b46-ca88-489f-aa2f-b4a6825ec004"
"15078","15078","20","27","38","[{""X"":1,""Y"":1},{""X"":2,""Y"":1},{""X"":6,""Y"":1},{""X"":7,""Y"":1},{""X"":7,""Y"":1},{""X"":11,""Y"":1},{""X"":11,""Y"":1},{""X"":31,""Y"":1},{""X"":31,""Y"":1},{""X"":31,""Y"":1},{""X"":6,""Y"":2},{""X"":8,""Y"":2},{""X"":31,""Y"":2},{""X"":14,""Y"":4},{""X"":16,""Y"":4},{""X"":14,""Y"":7},{""X"":16,""Y"":7},{""X"":9,""Y"":8},{""X"":11,""Y"":10},{""X"":26,""Y"":11}]","","","0b2ff6d2-d3b6-4d48-8c11-41f508fb3405"
"15068","15068","20","32","12","[{""X"":1,""Y"":1},{""X"":2,""Y"":1},{""X"":5,""Y"":1},{""X"":5,""Y"":1},{""X"":9,""Y"":1},{""X"":10,""Y"":1},{""X"":10,""Y"":1},{""X"":10,""Y"":1},{""X"":10,""Y"":1},{""X"":11,""Y"":1},{""X"":11,""Y"":1},{""X"":14,""Y"":1},{""X"":16,""Y"":1},{""X"":16,""Y"":1},{""X"":7,""Y"":2},{""X"":10,""Y"":2},{""X"":14,""Y"":2},{""X"":16,""Y"":2},{""X"":14,""Y"":5},{""X"":10,""Y"":9}]","","","2a14d729-e1dc-4532-9d5b-10ff3b9ffd1f"
"14928","14928","20","25","38","[{""X"":1,""Y"":1},{""X"":1,""Y"":1},{""X"":2,""Y"":1},{""X"":2,""Y"":1},{""X"":2,""Y"":1},{""X"":2,""Y"":1},{""X"":2,""Y"":1},{""X"":3,""Y"":1},{""X"":3,""Y"":1},{""X"":5,""Y"":1},{""X"":8,""Y"":1},{""X"":11,""Y"":1},{""X"":2,""Y"":2},{""X"":2,""Y"":2},{""X"":3,""Y"":2},{""X"":9,""Y"":2},{""X"":11,""Y"":2},{""X"":38,""Y"":9},{""X"":16,""Y"":10},{""X"":22,""Y"":16}]","","","47348c31-bcf1-4946-9d92-db96903c9ae6"
"14858","14858","20","34","36","[{""X"":1,""Y"":1},{""X"":1,""Y"":1},{""X"":1,""Y"":1},{""X"":1,""Y"":1},{""X"":1,""Y"":1},{""X"":1,""Y"":1},{""X"":4,""Y"":1},{""X"":5,""Y"":1},{""X"":7,""Y"":1},{""X"":9,""Y"":1},{""X"":9,""Y"":1},{""X"":10,""Y"":1},{""X"":10,""Y"":1},{""X"":15,""Y"":1},{""X"":16,""Y"":1},{""X"":17,""Y"":1},{""X"":4,""Y"":4},{""X"":8,""Y"":4},{""X"":24,""Y"":4},{""X"":36,""Y"":27}]","","","0a72eb2a-38c7-48ab-bac8-b30c9b23f055"
"14838","14838","20","12","31","[{""X"":2,""Y"":1},{""X"":2,""Y"":1},{""X"":2,""Y"":1},{""X"":3,""Y"":1},{""X"":3,""Y"":1},{""X"":3,""Y"":1},{""X"":5,""Y"":1},{""X"":7,""Y"":1},{""X"":7,""Y"":1},{""X"":10,""Y"":1},{""X"":15,""Y"":1},{""X"":3,""Y"":2},{""X"":4,""Y"":2},{""X"":4,""Y"":2},{""X"":13,""Y"":2},{""X"":25,""Y"":2},{""X"":4,""Y"":3},{""X"":21,""Y"":3},{""X"":4,""Y"":4},{""X"":31,""Y"":4}]","","","4990ae8a-b1e0-4cd3-850f-2d4e592b692e"
"14828","14828","20","36","39","[{""X"":1,""Y"":1},{""X"":1,""Y"":1},{""X"":1,""Y"":1},{""X"":2,""Y"":1},{""X"":4,""Y"":1},{""X"":5,""Y"":1},{""X"":16,""Y"":1},{""X"":17,""Y"":1},{""X"":2,""Y"":2},{""X"":25,""Y"":2},{""X"":5,""Y"":4},{""X"":8,""Y"":4},{""X"":20,""Y"":4},{""X"":24,""Y"":4},{""X"":25,""Y"":4},{""X"":35,""Y"":4},{""X"":11,""Y"":5},{""X"":35,""Y"":6},{""X"":20,""Y"":11},{""X"":25,""Y"":14}]","","","41637822-3139-4c70-96ef-483a749266e7"
"14818","14818","20","36","19","[{""X"":2,""Y"":1},{""X"":2,""Y"":1},{""X"":4,""Y"":1},{""X"":6,""Y"":1},{""X"":6,""Y"":1},{""X"":13,""Y"":1},{""X"":19,""Y"":1},{""X"":25,""Y"":1},{""X"":25,""Y"":1},{""X"":35,""Y"":1},{""X"":4,""Y"":2},{""X"":4,""Y"":2},{""X"":5,""Y"":2},{""X"":13,""Y"":3},{""X"":25,""Y"":3},{""X"":35,""Y"":3},{""X"":5,""Y"":4},{""X"":10,""Y"":4},{""X"":11,""Y"":4},{""X"":33,""Y"":6}]","","","04d02c57-eed4-49ea-8966-eafd08c744de"
"14808","14808","20","32","24","[{""X"":1,""Y"":1},{""X"":4,""Y"":1},{""X"":10,""Y"":1},{""X"":10,""Y"":1},{""X"":10,""Y"":1},{""X"":11,""Y"":1},{""X"":11,""Y"":1},{""X"":16,""Y"":1},{""X"":16,""Y"":1},{""X"":16,""Y"":1},{""X"":16,""Y"":1},{""X"":16,""Y"":1},{""X"":16,""Y"":1},{""X"":10,""Y"":2},{""X"":16,""Y"":2},{""X"":6,""Y"":5},{""X"":11,""Y"":6},{""X"":16,""Y"":7},{""X"":11,""Y"":9},{""X"":16,""Y"":16}]","","","f003dde5-82ab-4e90-a1c5-c12094ea0621"
"14728","14728","20","25","37","[{""X"":1,""Y"":1},{""X"":2,""Y"":1},{""X"":3,""Y"":1},{""X"":3,""Y"":1},{""X"":3,""Y"":1},{""X"":6,""Y"":1},{""X"":6,""Y"":1},{""X"":6,""Y"":1},{""X"":9,""Y"":1},{""X"":9,""Y"":1},{""X"":10,""Y"":1},{""X"":37,""Y"":1},{""X"":37,""Y"":1},{""X"":6,""Y"":3},{""X"":6,""Y"":4},{""X"":31,""Y"":5},{""X"":9,""Y"":7},{""X"":10,""Y"":8},{""X"":15,""Y"":8},{""X"":37,""Y"":9}]","","","64632163-e66b-4635-8deb-cc896fe2db81"
"14688","14688","20","34","27","[{""X"":1,""Y"":1},{""X"":1,""Y"":1},{""X"":3,""Y"":1},{""X"":4,""Y"":1},{""X"":4,""Y"":1},{""X"":8,""Y"":1},{""X"":8,""Y"":1},{""X"":9,""Y"":1},{""X"":16,""Y"":1},{""X"":17,""Y"":1},{""X"":23,""Y"":1},{""X"":25,""Y"":1},{""X"":25,""Y"":1},{""X"":33,""Y"":1},{""X"":33,""Y"":1},{""X"":4,""Y"":3},{""X"":10,""Y"":4},{""X"":7,""Y"":5},{""X"":27,""Y"":5},{""X"":27,""Y"":18}]","","","3990cfbe-a739-4f86-bda5-7c2f5e7cd61e"
"14598","14598","20","38","25","[{""X"":1,""Y"":1},{""X"":4,""Y"":1},{""X"":5,""Y"":1},{""X"":5,""Y"":1},{""X"":8,""Y"":1},{""X"":10,""Y"":1},{""X"":12,""Y"":1},{""X"":25,""Y"":1},{""X"":37,""Y"":1},{""X"":37,""Y"":1},{""X"":37,""Y"":1},{""X"":7,""Y"":2},{""X"":6,""Y"":3},{""X"":8,""Y"":3},{""X"":11,""Y"":3},{""X"":18,""Y"":3},{""X"":6,""Y"":4},{""X"":10,""Y"":4},{""X"":11,""Y"":4},{""X"":37,""Y"":14}]","","","6670647e-dac6-439b-8f6a-d82d344ab596"
"14578","14578","20","37","29","[{""X"":1,""Y"":1},{""X"":2,""Y"":1},{""X"":4,""Y"":1},{""X"":4,""Y"":1},{""X"":4,""Y"":1},{""X"":4,""Y"":1},{""X"":5,""Y"":1},{""X"":5,""Y"":1},{""X"":5,""Y"":1},{""X"":6,""Y"":1},{""X"":7,""Y"":1},{""X"":14,""Y"":1},{""X"":14,""Y"":1},{""X"":20,""Y"":1},{""X"":21,""Y"":1},{""X"":24,""Y"":1},{""X"":24,""Y"":1},{""X"":3,""Y"":3},{""X"":36,""Y"":4},{""X"":36,""Y"":21}]","","","57c936cd-6d0e-48dd-84d7-2a53ca1b843c"
"14568","14568","20","37","37","[{""X"":3,""Y"":1},{""X"":3,""Y"":1},{""X"":4,""Y"":1},{""X"":4,""Y"":1},{""X"":6,""Y"":1},{""X"":7,""Y"":1},{""X"":13,""Y"":1},{""X"":24,""Y"":1},{""X"":25,""Y"":1},{""X"":33,""Y"":1},{""X"":36,""Y"":1},{""X"":36,""Y"":1},{""X"":6,""Y"":2},{""X"":13,""Y"":2},{""X"":13,""Y"":2},{""X"":13,""Y"":4},{""X"":33,""Y"":4},{""X"":33,""Y"":4},{""X"":30,""Y"":13},{""X"":27,""Y"":15}]","","","92477bf9-585c-4447-a6b2-6fd92c9d4799"
"14558","14558","20","27","21","[{""X"":2,""Y"":1},{""X"":4,""Y"":1},{""X"":4,""Y"":1},{""X"":4,""Y"":1},{""X"":11,""Y"":1},{""X"":11,""Y"":1},{""X"":11,""Y"":1},{""X"":3,""Y"":2},{""X"":4,""Y"":2},{""X"":4,""Y"":2},{""X"":4,""Y"":2},{""X"":11,""Y"":2},{""X"":16,""Y"":2},{""X"":4,""Y"":3},{""X"":4,""Y"":4},{""X"":14,""Y"":4},{""X"":16,""Y"":4},{""X"":16,""Y"":5},{""X"":16,""Y"":6},{""X"":16,""Y"":7}]","","","ac4f7820-c013-4c80-aa9c-a7934592aaaa"
"14528","14528","20","16","10","[{""X"":1,""Y"":1},{""X"":1,""Y"":1},{""X"":2,""Y"":1},{""X"":2,""Y"":1},{""X"":2,""Y"":1},{""X"":5,""Y"":1},{""X"":6,""Y"":1},{""X"":6,""Y"":1},{""X"":6,""Y"":1},{""X"":6,""Y"":1},{""X"":6,""Y"":1},{""X"":7,""Y"":1},{""X"":2,""Y"":2},{""X"":4,""Y"":2},{""X"":4,""Y"":2},{""X"":6,""Y"":2},{""X"":4,""Y"":4},{""X"":4,""Y"":4},{""X"":4,""Y"":4},{""X"":6,""Y"":5}]","","","e22b906f-ab60-43fe-a123-28de499e257e"
"14478","14478","20","38","33","[{""X"":1,""Y"":1},{""X"":4,""Y"":1},{""X"":4,""Y"":1},{""X"":4,""Y"":1},{""X"":6,""Y"":1},{""X"":7,""Y"":1},{""X"":8,""Y"":1},{""X"":19,""Y"":1},{""X"":24,""Y"":1},{""X"":25,""Y"":1},{""X"":2,""Y"":2},{""X"":2,""Y"":2},{""X"":4,""Y"":2},{""X"":6,""Y"":4},{""X"":10,""Y"":4},{""X"":13,""Y"":4},{""X"":13,""Y"":4},{""X"":15,""Y"":4},{""X"":24,""Y"":7},{""X"":37,""Y"":20}]","","","13680e9b-244e-4190-8350-a1a85f6bc0e0"
"14458","14458","20","18","33","[{""X"":5,""Y"":1},{""X"":5,""Y"":1},{""X"":7,""Y"":1},{""X"":7,""Y"":1},{""X"":8,""Y"":1},{""X"":8,""Y"":1},{""X"":11,""Y"":1},{""X"":11,""Y"":1},{""X"":16,""Y"":1},{""X"":25,""Y"":1},{""X"":25,""Y"":1},{""X"":4,""Y"":2},{""X"":5,""Y"":2},{""X"":9,""Y"":2},{""X"":4,""Y"":3},{""X"":5,""Y"":3},{""X"":28,""Y"":3},{""X"":9,""Y"":5},{""X"":10,""Y"":5},{""X"":28,""Y"":8}]","","","6cb3c4cc-5dc9-4832-a2c1-ffca069ecd1f"
"14438","14438","20","12","33","[{""X"":1,""Y"":1},{""X"":1,""Y"":1},{""X"":2,""Y"":1},{""X"":2,""Y"":1},{""X"":2,""Y"":1},{""X"":4,""Y"":1},{""X"":5,""Y"":1},{""X"":6,""Y"":1},{""X"":6,""Y"":1},{""X"":6,""Y"":1},{""X"":7,""Y"":1},{""X"":8,""Y"":1},{""X"":11,""Y"":1},{""X"":12,""Y"":1},{""X"":15,""Y"":1},{""X"":3,""Y"":2},{""X"":19,""Y"":2},{""X"":33,""Y"":2},{""X"":33,""Y"":2},{""X"":33,""Y"":4}]","","","533d24d0-1e21-4ba7-adbd-c3d08322db21"
"14408","14408","20","10","27","[{""X"":1,""Y"":1},{""X"":1,""Y"":1},{""X"":1,""Y"":1},{""X"":1,""Y"":1},{""X"":1,""Y"":1},{""X"":1,""Y"":1},{""X"":1,""Y"":1},{""X"":1,""Y"":1},{""X"":2,""Y"":1},{""X"":2,""Y"":1},{""X"":3,""Y"":1},{""X"":4,""Y"":1},{""X"":8,""Y"":1},{""X"":14,""Y"":1},{""X"":17,""Y"":1},{""X"":20,""Y"":1},{""X"":22,""Y"":1},{""X"":19,""Y"":2},{""X"":6,""Y"":4},{""X"":27,""Y"":4}]","","","0ebcbad2-8a73-483c-8b06-5a126c082887"
"14398","14398","20","18","39","[{""X"":1,""Y"":1},{""X"":1,""Y"":1},{""X"":2,""Y"":1},{""X"":2,""Y"":1},{""X"":4,""Y"":1},{""X"":4,""Y"":1},{""X"":6,""Y"":1},{""X"":7,""Y"":1},{""X"":7,""Y"":1},{""X"":8,""Y"":1},{""X"":13,""Y"":1},{""X"":26,""Y"":1},{""X"":39,""Y"":1},{""X"":2,""Y"":2},{""X"":16,""Y"":2},{""X"":39,""Y"":2},{""X"":5,""Y"":4},{""X"":9,""Y"":4},{""X"":25,""Y"":4},{""X"":39,""Y"":8}]","","","9e2e89d0-b555-4174-831a-be0863b3515d"
"14368","14368","20","16","17","[{""X"":1,""Y"":1},{""X"":1,""Y"":1},{""X"":1,""Y"":1},{""X"":1,""Y"":1},{""X"":1,""Y"":1},{""X"":1,""Y"":1},{""X"":2,""Y"":1},{""X"":2,""Y"":1},{""X"":3,""Y"":1},{""X"":4,""Y"":1},{""X"":4,""Y"":1},{""X"":4,""Y"":1},{""X"":5,""Y"":1},{""X"":13,""Y"":1},{""X"":14,""Y"":1},{""X"":14,""Y"":1},{""X"":5,""Y"":2},{""X"":7,""Y"":3},{""X"":17,""Y"":3},{""X"":17,""Y"":7}]","","","b129b829-9f89-4e5e-812e-becb92a86adc"
"14348","14348","20","16","37","[{""X"":1,""Y"":1},{""X"":1,""Y"":1},{""X"":1,""Y"":1},{""X"":3,""Y"":1},{""X"":3,""Y"":1},{""X"":4,""Y"":1},{""X"":6,""Y"":1},{""X"":6,""Y"":1},{""X"":7,""Y"":1},{""X"":8,""Y"":1},{""X"":15,""Y"":1},{""X"":15,""Y"":1},{""X"":2,""Y"":2},{""X"":2,""Y"":2},{""X"":10,""Y"":2},{""X"":20,""Y"":2},{""X"":22,""Y"":2},{""X"":33,""Y"":3},{""X"":22,""Y"":8},{""X"":15,""Y"":9}]","","","5b30dc42-b713-4135-bab4-467f3d059cc7"
"14248","14248","20","24","31","[{""X"":2,""Y"":1},{""X"":3,""Y"":1},{""X"":4,""Y"":1},{""X"":5,""Y"":1},{""X"":8,""Y"":1},{""X"":12,""Y"":1},{""X"":14,""Y"":1},{""X"":16,""Y"":1},{""X"":16,""Y"":1},{""X"":30,""Y"":1},{""X"":30,""Y"":2},{""X"":30,""Y"":2},{""X"":13,""Y"":3},{""X"":16,""Y"":3},{""X"":5,""Y"":5},{""X"":11,""Y"":5},{""X"":14,""Y"":5},{""X"":7,""Y"":7},{""X"":9,""Y"":7},{""X"":15,""Y"":11}]","","","5add9b5c-2f44-4a8b-9883-49c61a7e490b"
"14128","14128","20","36","37","[{""X"":2,""Y"":1},{""X"":2,""Y"":1},{""X"":2,""Y"":1},{""X"":3,""Y"":1},{""X"":6,""Y"":1},{""X"":15,""Y"":1},{""X"":18,""Y"":1},{""X"":25,""Y"":1},{""X"":35,""Y"":1},{""X"":6,""Y"":2},{""X"":6,""Y"":2},{""X"":9,""Y"":2},{""X"":16,""Y"":2},{""X"":20,""Y"":2},{""X"":3,""Y"":3},{""X"":24,""Y"":3},{""X"":35,""Y"":6},{""X"":27,""Y"":9},{""X"":24,""Y"":10},{""X"":24,""Y"":14}]","","","6a07f333-9054-477f-a3ea-59ece7825adf"
"14088","14088","20","36","37","[{""X"":1,""Y"":1},{""X"":1,""Y"":1},{""X"":2,""Y"":1},{""X"":3,""Y"":1},{""X"":3,""Y"":1},{""X"":8,""Y"":1},{""X"":8,""Y"":1},{""X"":8,""Y"":1},{""X"":8,""Y"":1},{""X"":16,""Y"":1},{""X"":17,""Y"":1},{""X"":21,""Y"":1},{""X"":25,""Y"":1},{""X"":25,""Y"":1},{""X"":35,""Y"":1},{""X"":24,""Y"":2},{""X"":17,""Y"":4},{""X"":17,""Y"":4},{""X"":18,""Y"":9},{""X"":35,""Y"":23}]","","","999c2a34-0dd0-4fdf-be82-723a4daafe63"
"14058","14058","20","29","17","[{""X"":1,""Y"":1},{""X"":1,""Y"":1},{""X"":2,""Y"":1},{""X"":2,""Y"":1},{""X"":4,""Y"":1},{""X"":4,""Y"":1},{""X"":13,""Y"":1},{""X"":16,""Y"":1},{""X"":16,""Y"":1},{""X"":16,""Y"":1},{""X"":16,""Y"":1},{""X"":2,""Y"":2},{""X"":9,""Y"":2},{""X"":16,""Y"":2},{""X"":16,""Y"":2},{""X"":4,""Y"":3},{""X"":16,""Y"":3},{""X"":7,""Y"":4},{""X"":16,""Y"":6},{""X"":12,""Y"":11}]","","","34cbb583-6299-4ce7-92e5-b3df3d775b06"
"14018","14018","20","38","32","[{""X"":1,""Y"":1},{""X"":3,""Y"":1},{""X"":8,""Y"":1},{""X"":9,""Y"":1},{""X"":18,""Y"":1},{""X"":18,""Y"":1},{""X"":19,""Y"":1},{""X"":20,""Y"":1},{""X"":27,""Y"":1},{""X"":35,""Y"":1},{""X"":7,""Y"":2},{""X"":10,""Y"":2},{""X"":10,""Y"":3},{""X"":11,""Y"":3},{""X"":16,""Y"":3},{""X"":37,""Y"":4},{""X"":37,""Y"":5},{""X"":35,""Y"":6},{""X"":17,""Y"":10},{""X"":20,""Y"":10}]","","","3e7898eb-b3c7-48ff-a79e-c64c287113b4"
